frame,track_id,n_keypoints,rostrum_tip_x,rostrum_tip_y,rostrum_tip_conf,mid_saddle_patch_x,mid_saddle_patch_y,mid_saddle_patch_conf,Caudal_peduncle_x,Caudal_peduncle_y,Caudal_peduncle_conf,left_pect_fin_tip_x,left_pect_fin_tip_y,left_pect_fin_tip_conf,right_pect_fin_tip_x,right_pect_fin_tip_y,right_pect_fin_tip_conf,left_caudal_fluke_x,left_caudal_fluke_y,left_caudal_fluke_conf,right_caudal_fluke_x,right_caudal_fluke_y,right_caudal_fluke_conf
0,2,4,643.8,1180.0,0.648,,,,,,,653.8,1640.0,0.1409,863.6,1225.0,0.1228,898.6,1435.0,0.6906,,,
0,3,2,655.7,1684.0,0.3026,,,,,,,,,,,,,1001.1,1992.8,0.7568,,,
3,2,4,636.2,1148.4,0.612,,,,,,,631.2,1173.4,0.1603,856.4,1188.5,0.1635,896.4,1403.9,0.5649,,,
6,2,2,623.9,1105.0,0.8102,,,,,,,613.8,1564.3,0.1064,,,,,,,,,
6,3,2,630.5,1601.1,0.366,,,,,,,,,,,,,967.4,1911.2,0.6113,,,
9,3,2,620.9,1546.5,0.4161,,,,,,,,,,,,,970.4,1864.9,0.5274,,,
9,2,3,621.3,1054.7,0.8481,,,,,,,723.7,1264.5,0.1183,,,,862.0,1295.2,0.1766,,,
12,3,3,614.8,1490.4,0.2907,,,,,,,,,,,,,960.8,1812.1,0.7069,1052.2,1426.9,0.2425
12,2,4,610.3,997.6,0.7768,,,,,,,715.5,1213.2,0.2722,,,,850.8,1238.3,0.2261,1056.2,1428.8,0.2407
15,3,3,609.2,1431.3,0.324,,,,,,,,,,,,,951.5,1750.5,0.6453,1055.4,1365.9,0.2661
15,4,4,2591.2,1164.3,0.5603,,,,,,,2583.7,1307.9,0.346,2767.6,1171.8,0.1508,2891.0,1443.9,1.1627,,,
15,2,4,600.3,940.7,0.5553,,,,,,,707.1,1165.0,0.2911,,,,856.7,1181.1,0.4999,1043.6,1357.3,0.2031
18,4,4,2598.3,1104.4,0.9289,,,,,,,2587.9,1249.5,0.2585,2766.4,1107.0,0.155,2890.6,1384.3,0.9865,,,
18,2,4,593.2,881.5,0.4704,,,,,,,708.3,1111.7,0.2173,,,,938.5,1669.9,0.7665,1111.1,1341.9,0.1394
18,3,3,600.7,1362.0,0.3113,,,,,,,,,,,,,935.6,1670.9,0.4654,1110.5,1339.7,0.1598
21,4,5,2604.2,1041.3,0.972,2577.4,1201.9,0.1066,,,,2594.1,1195.2,0.379,2771.5,1034.6,0.1425,2891.9,1322.3,0.7915,,,
21,3,4,597.9,1290.8,0.3684,,,,,,,,,,881.7,1336.7,0.1675,927.6,1591.2,0.4122,1107.0,1269.9,0.1778
21,2,5,586.0,812.4,0.4654,,,,,,,697.3,1009.4,0.1004,990.6,1545.0,0.2179,828.8,1029.7,0.3866,1107.0,1272.2,0.1809
24,3,5,592.8,1213.3,0.2389,584.4,1213.3,0.1635,,,,,,,985.9,1455.6,0.1615,919.0,1509.9,0.4999,1107.2,1200.8,0.1209
24,4,4,2610.2,968.8,0.9017,,,,,,,2599.8,1119.7,0.4066,2753.5,958.4,0.1082,2894.3,1249.7,0.8591,,,
24,2,5,577.8,726.1,0.4321,582.9,1208.4,0.1403,,,,974.7,1449.5,0.1235,984.8,1454.5,0.2373,,,,1105.4,1198.3,0.126
27,4,4,2617.8,892.5,1.2046,,,,,,,2603.5,1045.7,0.462,2774.3,899.6,0.1131,2905.9,1177.5,1.0956,,,
27,3,4,592.6,1130.9,0.2873,583.9,1122.2,0.1135,,,,,,,985.9,1381.5,0.2436,908.1,1420.4,0.5368,,,
27,2,5,573.7,645.9,0.5082,583.7,1122.7,0.1171,,,,,,,985.2,1378.7,0.1801,824.6,866.7,0.1081,1090.7,1092.6,0.1082
30,2,4,572.3,558.1,0.5349,572.3,1031.3,0.1005,,,,,,,,,,806.4,772.3,0.136,1095.3,996.4,0.1473
30,4,3,2621.9,813.1,1.2092,,,,,,,2607.7,969.8,0.4067,,,,2910.5,1094.5,0.7859,,,
30,3,4,584.5,1041.1,0.3403,,,,,,,,,,986.3,1312.0,0.1831,900.5,1330.0,0.2507,1108.2,1023.0,0.1241
33,4,3,2631.0,729.2,1.0349,,,,,,,2613.0,891.7,0.3974,,,,2912.7,1010.8,0.7142,,,
33,2,2,574.0,466.7,0.4441,,,,,,,,,,,,,811.7,679.1,0.2865,,,
33,3,4,581.5,950.1,0.1761,571.5,945.2,0.1073,,,,,,,,,,900.6,1244.0,0.5719,990.3,1358.6,0.1141
36,2,4,572.7,371.3,0.6321,,,,890.2,932.0,0.1143,,,,,,,815.8,589.6,0.2342,1078.7,817.8,0.1851
36,3,3,,,,,,,882.5,934.3,0.1052,,,,,,,877.5,1139.5,0.2263,1077.7,814.2,0.1864
39,2,3,566.6,286.8,0.7001,,,,,,,,,,,,,803.6,493.4,0.2496,1096.1,730.2,0.2724
39,3,3,899.1,841.1,0.1679,,,,,,,,,,,,,888.7,1049.2,0.3592,1091.7,726.7,0.2518
42,2,4,564.3,209.2,0.6723,559.3,686.0,0.1431,,,,,,,,,,803.4,408.7,0.2483,1107.2,666.6,0.2626
42,3,5,547.9,678.9,0.1267,558.2,684.1,0.1527,874.1,741.1,0.116,,,,,,,874.1,968.9,0.5319,1101.9,658.2,0.2465
45,4,3,2652.4,415.7,1.1727,,,,,,,2631.2,578.3,0.4375,,,,2938.6,705.5,0.7464,,,
45,2,4,568.9,130.6,0.6052,554.0,608.1,0.1408,,,,,,,827.4,198.2,0.1112,867.2,878.4,0.131,,,
48,4,3,2663.3,351.1,1.1334,,,,,,,2645.4,515.2,0.4034,,,,2945.1,640.1,0.8306,,,
51,4,3,2680.7,310.2,1.1855,,,,,,,2660.0,475.9,0.3977,,,,2956.4,600.1,1.0177,,,
51,3,3,562.0,446.5,0.3154,,,,,,,1095.6,559.7,0.1709,,,,863.8,726.8,0.1431,,,
54,4,3,2705.3,279.8,1.2498,,,,,,,2684.5,453.1,0.405,,,,2986.1,577.9,0.97,,,
54,3,4,593.9,365.3,0.1004,,,,,,,698.7,679.3,0.2178,,,,362.0,679.3,0.3103,1057.7,826.7,0.1042
57,3,3,,,,,,,,,,704.5,623.0,0.1771,920.7,390.1,0.1837,654.6,273.7,0.135,,,
57,4,5,2723.2,255.8,1.0339,,,,3051.7,601.0,0.1632,2699.0,428.4,0.3567,2887.5,288.2,0.1214,2997.8,557.9,1.0466,,,
60,3,4,,,,,,,1256.7,234.3,0.1686,706.2,584.1,0.1405,,,,881.1,553.3,0.1837,1256.7,224.0,0.1438
60,4,3,2730.1,233.2,1.1615,,,,,,,2706.9,398.4,0.3985,,,,3000.9,533.8,0.6648,,,
63,3,5,705.2,574.8,0.1873,,,,1253.6,200.6,0.2555,,,,730.9,277.5,0.1172,864.1,518.4,0.1175,982.0,641.4,0.16
63,4,3,2733.5,217.5,1.1727,,,,,,,2709.0,375.0,0.4086,,,,2999.5,515.0,0.8999,,,
66,3,5,593.6,217.8,0.2038,,,,1250.6,171.2,0.3695,702.2,538.5,0.1205,,,,852.2,486.8,0.2012,1116.1,238.4,0.1693
66,4,4,2736.9,201.4,1.1063,,,,,,,2714.3,356.6,0.3741,2880.5,209.9,0.1576,3001.7,500.6,1.0419,,,
69,3,4,592.4,195.0,0.4612,,,,1249.7,148.1,0.2864,,,,,,,842.8,461.0,0.2901,1108.9,732.3,0.1568
69,4,3,2743.3,191.2,1.111,,,,,,,2723.6,346.5,0.3562,,,,3011.9,490.4,1.0116,,,
72,3,6,596.1,171.5,0.6268,,,,1250.2,126.1,0.3105,596.1,186.6,0.1166,897.6,242.1,0.1017,856.7,443.8,0.8224,1066.3,660.7,0.1515
72,4,4,2750.9,181.0,1.1823,,,,,,,2732.2,337.7,0.3929,2885.2,181.0,0.1074,3019.5,475.8,0.915,,,
75,3,5,606.0,156.5,0.6126,,,,1254.8,107.6,0.3782,601.0,171.1,0.1133,,,,872.6,430.3,0.2099,1063.7,635.6,0.1718
75,4,5,2766.4,172.0,1.0448,,,,3093.2,506.4,0.1031,2748.6,322.6,0.3448,2927.3,195.0,0.1306,3031.9,468.1,0.6182,,,
78,3,5,605.6,135.2,0.4826,,,,1264.2,91.7,0.3757,610.7,149.6,0.1147,,,,860.9,400.6,0.5474,1111.1,115.8,0.1934
78,4,5,2780.6,164.0,1.0665,,,,3105.0,503.5,0.1304,2760.5,327.5,0.2808,2936.5,181.6,0.1972,3049.7,463.2,0.6593,,,
81,4,4,2799.9,156.3,1.0373,,,,,,,2775.0,320.0,0.3029,2951.5,168.7,0.206,3063.3,454.0,0.6439,,,
81,3,5,612.0,124.6,0.6014,,,,912.4,110.2,0.1153,,,,1248.9,699.8,0.1161,865.8,383.5,0.9677,1114.3,95.9,0.2532
84,3,5,626.4,111.5,0.5094,,,,923.7,97.5,0.1217,707.0,362.2,0.1011,,,,863.2,357.6,0.1962,1130.2,83.6,0.2777
84,4,5,2818.6,150.3,1.0575,,,,3138.7,487.7,0.1269,2793.8,311.6,0.3606,2967.5,157.8,0.1361,3084.1,450.5,0.8345,,,
87,4,5,2841.5,145.0,1.1975,,,,3159.1,483.1,0.1109,2810.1,308.8,0.4225,2970.6,148.5,0.1805,3099.8,441.2,1.067,,,
90,3,5,649.4,86.0,0.498,,,,,,,735.6,285.3,0.2182,720.4,72.5,0.1331,887.6,326.1,0.1165,1151.1,606.9,0.1899
90,4,3,2864.3,142.4,1.1883,,,,,,,2826.0,301.2,0.3114,,,,3120.1,442.2,0.3466,,,
93,3,4,665.6,71.7,0.4414,,,,,,,746.6,277.8,0.2864,,,,918.9,322.6,0.5746,1162.2,591.5,0.2003
93,4,3,2886.6,139.6,1.0797,,,,,,,2846.2,293.3,0.363,,,,3142.4,439.0,0.6002,,,
96,3,6,684.7,64.2,0.2208,,,,1324.9,555.0,0.1184,760.0,270.6,0.2396,1319.5,564.1,0.1127,921.4,311.9,0.6434,1168.9,577.9,0.2192
96,4,4,2910.8,139.5,1.1873,2857.5,294.0,0.122,,,,2869.0,286.5,0.3922,,,,3166.0,437.2,0.7007,,,
99,3,5,,,,,,,1348.5,552.5,0.1226,771.4,263.1,0.1987,1333.3,556.8,0.1611,933.4,298.2,0.1212,1181.4,570.0,0.2349
102,3,5,706.9,47.9,0.1403,,,,,,,777.6,261.3,0.2191,989.6,135.0,0.1759,949.2,291.8,0.8326,1191.5,566.2,0.2259
105,3,6,712.5,39.1,0.1352,,,,1361.1,538.3,0.203,793.6,273.5,0.2357,1016.5,130.2,0.1459,925.3,91.2,0.4034,1199.0,555.7,0.1763
108,3,4,,,,,,,,,,803.3,284.9,0.1596,1030.3,133.8,0.199,974.8,289.3,0.2983,1201.8,544.0,0.1799
108,4,5,2992.0,154.9,1.0745,,,,3300.8,492.8,0.1043,2949.7,310.7,0.4407,2949.7,310.7,0.1042,3240.1,455.8,0.9919,,,
111,3,6,1387.8,573.7,0.1517,,,,1398.0,565.0,0.1112,1230.5,721.5,0.1378,1047.7,147.8,0.2309,986.8,286.8,0.3164,1215.2,521.5,0.1152
111,4,5,3010.0,167.9,0.9842,,,,3320.3,504.5,0.1147,2970.6,320.5,0.3779,3152.0,175.8,0.1392,3257.2,467.7,1.242,,,
114,4,4,3028.7,180.4,1.0137,,,,,,,2987.0,326.3,0.3198,3166.8,180.4,0.1859,3276.3,474.9,0.7847,,,
114,3,4,,,,,,,1413.8,563.1,0.1481,,,,1064.6,154.0,0.14,992.7,285.9,0.3968,1080.0,400.3,0.1175
117,4,5,3045.3,197.7,1.0806,,,,3354.0,532.1,0.1281,3006.7,349.5,0.2744,3292.2,408.7,0.1509,3292.2,491.0,0.5469,,,
117,3,4,751.9,70.5,0.2433,,,,,,,812.8,251.0,0.121,1010.8,96.9,0.1293,,,,1178.4,510.8,0.1527
120,4,4,3062.6,220.8,1.1408,,,,,,,3026.8,371.7,0.3332,3223.7,300.0,0.1268,3303.0,512.3,0.6909,,,
120,3,6,1414.7,590.0,0.222,,,,1420.9,595.0,0.1118,811.7,295.0,0.1611,1016.9,115.0,0.146,985.8,305.0,0.1434,1166.1,515.0,0.1712
123,4,4,3076.2,246.1,1.2062,,,,,,,3040.5,399.3,0.3637,3242.1,330.4,0.105,3321.3,537.1,0.7706,,,
126,4,4,3085.1,276.4,1.1539,,,,,,,3051.8,425.0,0.4036,3220.9,281.5,0.1685,3328.6,563.4,0.8494,,,
129,4,4,3098.4,307.6,1.1808,,,,,,,3060.1,453.4,0.3873,3226.3,307.6,0.1459,3336.3,596.7,0.7426,,,
132,4,3,3110.7,340.5,1.1481,,,,,,,3066.7,482.7,0.4379,,,,3348.6,632.7,0.6988,,,
135,4,3,3124.0,371.8,0.9546,,,,,,,3073.7,509.8,0.4216,,,,3354.5,666.4,0.6091,,,
138,4,3,3136.8,402.9,0.9753,,,,,,,3082.2,541.6,0.3865,,,,3357.6,692.6,0.7874,,,
141,4,5,3147.8,436.8,0.8764,3086.4,577.4,0.1199,,,,3089.0,574.9,0.4197,3089.0,574.9,0.1047,3362.6,728.3,0.6251,,,
144,4,5,3157.6,470.8,0.923,3094.7,612.5,0.1244,,,,3097.3,607.2,0.4229,3097.3,607.2,0.1024,3375.1,764.8,0.5635,,,
147,4,5,3165.0,509.9,1.031,3100.4,644.6,0.1522,,,,3102.9,644.6,0.4222,3276.2,520.2,0.1194,3379.7,797.5,0.9765,,,
150,4,3,3173.3,548.8,0.928,,,,,,,3107.2,683.6,0.3999,,,,3392.8,837.0,0.876,,,
153,4,3,3179.4,586.2,0.8469,,,,,,,3111.5,719.0,0.4049,,,,3399.4,876.3,0.9411,,,
156,4,5,3183.8,626.1,1.0323,3113.5,774.7,0.1302,,,,3116.2,761.2,0.3224,3297.3,604.5,0.1191,3402.7,907.1,1.1746,,,
159,4,5,3189.8,664.0,0.9916,3118.2,804.9,0.2363,3492.4,1025.6,0.1079,3123.5,786.3,0.1936,,,,3404.8,948.5,0.9944,,,
162,4,4,3193.1,703.7,1.0013,3122.7,833.6,0.1542,,,,3125.4,833.6,0.2737,,,,3412.4,987.9,0.6332,,,
168,4,4,3205.0,767.1,1.0939,,,,,,,3139.7,895.0,0.4207,3362.8,851.5,0.1163,3409.1,1042.0,0.8695,,,
171,4,4,3208.1,791.0,1.1094,,,,,,,3140.8,916.9,0.3892,,,,3412.7,1066.3,0.635,3465.3,1107.3,0.1108
174,4,4,3205.0,809.9,0.8205,3141.3,937.3,0.1238,,,,3145.7,932.9,0.3518,,,,3416.0,1091.1,0.6063,,,
177,4,6,3210.2,824.8,0.9466,3151.0,948.4,0.1251,,,,3153.7,948.4,0.4034,3153.7,948.4,0.1012,3417.5,1101.6,0.825,3460.6,1136.6,0.1074
180,4,4,3212.2,840.0,0.8353,3153.3,963.5,0.1811,,,,3156.1,960.7,0.3695,,,,3416.8,1109.5,0.6212,,,
183,4,4,3214.6,850.5,0.7083,3152.4,966.2,0.2409,,,,3155.2,966.2,0.3566,,,,3418.2,1121.4,1.0473,,,
186,4,4,3217.4,855.0,0.7697,3149.1,970.5,0.1916,,,,3154.4,970.5,0.3563,,,,3422.1,1128.0,0.9593,,,
189,4,4,3219.1,858.2,0.8974,3146.2,969.9,0.2027,,,,3151.4,969.9,0.3454,,,,3419.3,1128.2,0.7749,,,
189,2,1,,,,,,,,,,,,,,,,147.1,1335.0,1.0648,,,
192,4,4,3220.3,862.4,0.9664,3142.0,974.7,0.1919,,,,3149.8,969.5,0.3611,,,,3423.9,1131.3,0.8273,,,
192,2,2,,,,,,,,,,,,,117.5,1213.1,0.1064,133.2,1329.4,0.4777,,,
195,4,4,3222.3,865.2,0.8792,3148.7,979.9,0.25,,,,3155.2,982.0,0.2281,,,,3417.0,1129.2,0.3433,,,
195,2,2,,,,,,,,,,,,,114.2,1203.0,0.1294,129.9,1322.4,0.5451,,,
198,4,4,3225.3,865.2,1.0922,3147.7,977.9,0.2744,,,,3150.2,982.9,0.1042,,,,3423.2,1133.2,0.4042,,,
198,2,4,127.6,606.2,0.8373,,,,,,,187.2,810.3,0.2348,353.1,659.4,0.2566,442.5,916.8,0.6032,,,
198,2,3,,,,,,,,,,,,,112.0,1201.7,0.1318,132.0,1319.3,0.7238,284.0,1281.9,0.1072
201,4,5,3226.7,866.5,1.1733,3143.9,972.5,0.1277,,,,3149.1,975.1,0.3281,3379.3,938.9,0.1442,3420.7,1130.3,0.621,,,
201,2,2,,,,,,,,,,188.7,822.6,0.1162,,,,116.4,1311.1,0.7923,,,
207,4,3,3227.8,864.1,0.7555,,,,,,,3145.8,969.5,0.3303,,,,3417.2,1127.6,0.4303,,,
210,4,4,3227.5,865.1,1.1372,3143.0,968.2,0.2125,,,,3148.3,968.2,0.2863,,,,3417.5,1129.5,0.5596,,,
213,4,4,3229.9,864.5,1.1889,3145.9,967.0,0.2195,,,,3151.1,967.0,0.3053,,,,3416.2,1127.4,0.4294,,,
213,2,3,105.4,559.2,0.1835,,,,,,,,,,327.9,627.6,0.1876,382.6,850.1,0.1984,,,
216,4,4,3229.0,863.1,1.1246,3148.9,968.7,0.151,,,,3154.1,971.3,0.3265,,,,3414.9,1123.3,0.6081,,,
216,2,4,78.8,556.1,0.3234,,,,,,,122.2,738.5,0.1485,307.5,605.0,0.2149,386.3,849.6,0.6582,,,
219,4,5,3230.1,864.5,1.0845,3149.6,969.0,0.1731,,,,3155.0,969.0,0.3342,3324.0,845.8,0.1054,3412.5,1121.6,0.8883,,,
219,2,5,68.4,541.1,0.5545,,,,315.2,604.4,0.1014,113.9,735.2,0.1139,300.0,604.4,0.2135,376.0,840.8,0.8304,,,
222,4,4,3232.1,864.1,1.0388,3149.4,965.5,0.1591,,,,3152.1,965.5,0.3181,,,,3416.2,1128.2,0.5364,,,
222,2,5,57.2,534.5,0.6216,,,,305.0,594.7,0.1306,118.2,740.8,0.1809,278.3,586.1,0.122,366.0,835.4,0.925,,,
225,4,4,3231.8,866.8,1.0355,3155.1,966.5,0.1453,,,,3157.6,969.1,0.3694,,,,3418.5,1125.1,0.3831,,,
228,4,4,3232.7,866.1,0.9921,3159.3,964.7,0.2364,,,,3159.3,971.6,0.1811,,,,3418.5,1125.2,0.6314,,,
228,2,2,529.9,1128.2,0.3069,,,,,,,,,,,,,341.6,812.2,0.3923,,,
231,4,4,3234.8,870.0,0.9568,3160.9,961.5,0.2212,,,,3160.9,974.3,0.181,,,,3418.3,1124.3,0.7013,,,
231,2,1,534.0,1129.8,0.2134,,,,,,,,,,,,,,,,,,
234,4,4,3242.1,869.6,0.8823,3159.2,964.7,0.1833,,,,3164.1,974.4,0.2213,,,,3415.1,1123.1,0.5676,,,
234,2,2,,,,,,,,,,,,,468.7,861.8,0.1466,325.6,811.2,0.1709,,,
237,4,4,3242.0,871.8,0.8106,,,,,,,3158.1,967.1,0.234,,,,3412.2,1125.9,0.2872,3439.5,1146.3,0.1042
237,2,2,,,,,,,,,,,,,471.7,849.0,0.2006,323.1,798.5,1.1179,,,
237,2,6,20.6,502.5,0.5919,,,,284.3,581.1,0.1451,78.3,713.7,0.2555,477.9,851.3,0.223,313.1,792.3,0.7467,560.3,1028.2,0.1344
240,4,4,3245.0,872.7,0.7257,,,,,,,3160.2,962.9,0.2233,3337.6,828.9,0.1155,3412.2,1130.4,0.3569,,,
243,2,6,531.7,1129.4,0.1429,,,,677.1,962.2,0.1237,62.3,724.0,0.3021,456.9,825.3,0.1448,299.1,779.7,0.7782,685.4,972.3,0.1352
246,2,4,,,,,,,,,,54.3,725.1,0.1747,325.9,689.3,0.1252,288.3,771.1,0.6174,681.0,970.4,0.1371
246,4,4,3250.1,880.2,0.5443,3152.6,962.4,0.1086,,,,3157.7,965.0,0.1817,,,,3411.9,1134.4,0.439,,,
249,2,3,,,,,,,,,,50.5,714.4,0.1494,315.9,678.5,0.1284,791.8,596.5,0.2649,,,
249,4,4,3254.4,880.2,0.3983,3150.2,968.4,0.1186,,,,3156.2,970.4,0.1322,,,,3248.4,970.4,0.1834,,,
252,2,3,,,,,,,,,,71.8,722.9,0.1449,,,,768.2,532.0,0.1221,515.0,975.7,0.1194
252,4,3,3255.2,881.9,0.5087,,,,,,,3150.2,969.2,0.129,,,,3430.2,1091.5,0.1036,,,
255,2,3,484.1,307.0,0.1437,,,,,,,66.8,722.1,0.1713,,,,767.8,532.5,0.7374,,,
255,4,4,3256.2,882.7,0.7046,3151.2,965.7,0.1071,,,,3153.6,965.7,0.1666,,,,3405.2,1129.4,0.4604,,,
258,2,2,,,,,,,,,,65.9,723.7,0.1535,,,,762.2,526.5,0.7195,,,
258,4,3,3255.8,885.2,0.6826,,,,,,,3162.4,964.2,0.1513,,,,3411.4,1131.8,0.5118,,,
261,4,4,3258.7,887.4,0.435,3162.2,965.3,0.1322,,,,3166.0,967.2,0.2102,,,,3362.7,948.6,0.2261,,,
261,2,4,468.8,304.6,0.1338,,,,,,,61.2,717.3,0.163,69.3,717.3,0.1052,750.2,516.0,0.9041,,,
264,2,4,465.8,1071.2,0.1211,,,,,,,59.7,717.4,0.1988,67.7,717.4,0.1245,222.9,707.6,0.4166,,,
264,4,2,3260.4,887.9,0.5319,,,,,,,3162.3,966.8,0.1204,,,,,,,,,
264,2,2,467.1,1069.2,0.1407,,,,,,,,,,,,,,,,343.2,819.5,0.1047
267,2,2,,,,,,,,,,58.3,713.8,0.1855,,,,217.8,704.2,0.5843,,,
267,4,4,3263.0,890.3,0.6247,3160.6,965.9,0.1583,,,,3160.6,965.9,0.1314,,,,3408.0,1136.4,0.387,,,
270,2,4,440.6,1063.2,0.1136,,,,,,,58.5,701.2,0.1353,,,,206.6,691.6,0.5565,487.4,957.0,0.1199
270,4,3,3263.0,891.0,0.7681,,,,,,,3163.0,969.0,0.1855,,,,3429.0,1105.0,0.1768,,,
273,2,4,433.1,1054.9,0.1194,,,,,,,51.2,693.8,0.1732,,,,189.0,674.0,0.3672,444.9,911.4,0.1574
273,4,2,3264.6,892.7,0.9098,,,,,,,3166.9,967.7,0.2765,,,,,,,,,
276,4,5,3265.0,893.6,0.7884,3158.7,969.7,0.1748,,,,3164.4,967.8,0.1614,3209.9,958.3,0.1535,3409.3,1133.5,0.1283,,,
276,2,3,429.7,1032.6,0.1067,,,,,,,,,,,,,705.9,469.0,0.31,448.9,912.1,0.195
279,4,3,3267.7,893.4,0.8594,3160.5,966.8,0.1285,,,,3164.5,962.9,0.1733,,,,,,,,,
279,2,6,414.1,1028.4,0.361,,,,572.2,878.0,0.1585,429.1,1037.8,0.1156,485.6,1014.3,0.1117,180.7,666.4,0.5417,451.7,920.3,0.1081
279,2,4,416.7,1027.1,0.2417,,,,571.6,882.4,0.2045,,,,335.6,1420.7,0.136,,,,449.9,922.9,0.193
282,2,4,404.1,1024.2,0.4049,,,,571.9,873.7,0.3075,,,,,,,697.7,460.9,0.3451,415.6,868.8,0.1663
282,4,5,3267.7,893.2,0.9808,3166.4,968.5,0.2074,,,,3171.1,968.5,0.1843,,,,3411.4,1133.5,0.1629,3442.0,1166.4,0.129
282,2,3,404.4,1023.8,0.4048,,,,572.9,874.6,0.2683,,,,,,,,,,424.6,879.8,0.1367
285,2,4,394.3,1019.8,0.2907,,,,567.0,871.5,0.3006,,,,,,,146.4,622.7,0.5806,416.8,885.8,0.2103
285,4,4,3267.1,895.4,1.0696,3164.8,965.9,0.1902,,,,3169.3,965.9,0.2017,,,,3414.9,1134.2,0.2245,,,
285,2,3,394.8,1017.6,0.2471,,,,565.0,872.1,0.2508,,,,,,,,,,418.7,882.5,0.1868
288,2,4,388.5,1010.7,0.1823,,,,557.7,866.2,0.2306,,,,,,,142.3,622.2,0.5263,423.1,896.1,0.1489
288,2,3,131.1,1500.8,0.1129,,,,322.4,1356.8,0.3046,,,,,,,,,,414.6,886.1,0.1841
288,4,5,3269.8,893.2,0.9031,3164.1,960.0,0.2224,,,,3168.7,960.0,0.2004,,,,3410.0,1128.1,0.2872,3451.4,1171.9,0.1055
291,4,5,3269.8,895.7,1.0701,3160.2,957.1,0.1391,,,,3162.3,957.1,0.2557,,,,3412.3,1130.3,0.1686,3453.9,1174.1,0.1156
291,2,4,385.0,1004.1,0.3036,,,,555.3,852.9,0.1573,,,,,,,133.3,611.9,0.9167,373.9,843.5,0.1597
294,4,5,3272.2,894.0,0.8092,,,,,,,3164.6,962.5,0.1728,3188.1,941.0,0.1009,3262.4,978.1,0.2758,3444.4,1166.0,0.1164
294,2,2,378.2,1000.1,0.5008,,,,,,,,,,,,,,,,368.6,839.6,0.1686
294,2,4,378.3,1001.4,0.5097,,,,547.3,842.2,0.1139,,,,,,,657.5,420.8,0.4013,382.0,851.6,0.1928
297,4,4,3270.8,896.7,0.8307,,,,,,,3162.9,960.2,0.1426,,,,3408.3,1131.5,0.1903,3454.8,983.5,0.1402
300,4,2,3272.2,896.5,0.7911,,,,,,,,,,,,,3266.5,980.0,0.3212,,,
303,4,3,3274.1,897.1,0.7446,,,,,,,3167.6,960.5,0.1656,,,,3399.0,1128.0,0.1558,,,
306,4,4,3276.6,897.3,0.7975,3165.2,954.9,0.1861,,,,3169.3,959.0,0.2242,,,,3385.9,1119.5,0.1002,,,
309,4,4,3277.8,901.0,0.8812,3170.9,958.2,0.1532,,,,3172.8,958.2,0.2716,,,,3399.9,1128.1,0.3004,,,
312,4,3,3278.5,902.2,0.4677,3164.6,955.4,0.1654,,,,3168.3,955.4,0.2666,,,,,,,,,
315,4,4,3281.7,901.6,0.6433,3167.6,954.1,0.1799,,,,3169.5,956.0,0.2335,,,,3399.5,1128.5,0.1217,,,
318,4,4,3283.8,902.9,0.4021,3173.5,954.5,0.1351,,,,3177.0,954.5,0.2603,,,,3404.7,1128.9,0.2184,,,
318,2,5,307.6,935.5,0.3895,,,,,,,304.2,909.9,0.1204,60.8,351.3,0.116,598.2,351.3,0.5313,307.6,752.1,0.1561
321,4,3,3286.1,904.3,0.4867,3174.1,952.1,0.2491,,,,3176.0,954.0,0.1745,,,,,,,,,
324,4,3,3287.1,903.9,0.6887,3170.9,948.5,0.1813,,,,3172.8,950.4,0.2275,,,,,,,,,
327,4,4,3288.1,903.3,0.6274,3169.8,949.0,0.1876,,,,3173.6,950.9,0.2001,,,,3354.9,920.5,0.115,,,
330,4,4,3291.1,902.8,0.7593,3172.3,944.4,0.1941,,,,3168.3,946.4,0.112,3417.9,982.1,0.1451,,,,,,
333,4,2,3301.7,905.7,0.6737,,,,,,,3181.1,947.9,0.1708,,,,,,,,,
336,4,2,3319.0,914.5,0.6866,,,,,,,3201.1,958.5,0.2648,,,,,,,,,
339,4,2,3341.0,927.5,0.4896,,,,,,,3220.7,968.9,0.1494,,,,,,,,,
342,4,4,3370.9,952.4,0.5018,3240.0,993.5,0.132,,,,,,,,,,3355.9,1029.1,0.1652,3496.2,1193.6,0.1218
345,4,4,3408.1,995.9,0.4858,,,,,,,3279.4,1035.8,0.1579,,,,3487.9,1206.2,0.1698,3518.7,1224.3,0.1239
348,4,3,3448.9,1058.0,0.3598,3316.5,1091.5,0.1327,,,,,,,,,,,,,3553.0,1290.9,0.1161
351,4,4,3490.2,1127.6,0.2337,3352.7,1152.8,0.1766,,,,3438.2,1228.6,0.1763,,,,3465.1,1203.3,0.4276,,,
354,4,4,3529.8,1189.0,0.2965,3396.4,1209.1,0.1848,,,,3398.1,1212.4,0.205,,,,3503.2,1260.9,0.3395,,,
360,4,3,3603.9,1312.5,0.2056,3461.0,1323.1,0.2202,,,,,,,,,,3577.4,1383.2,0.1891,,,
363,4,3,3643.2,1401.6,0.197,3501.6,1408.4,0.1574,,,,3499.9,1415.2,0.1416,,,,,,,,,
561,12,3,1626.1,798.7,0.1324,,,,,,,1622.0,1110.7,0.111,,,,1901.2,934.2,0.5408,,,
567,12,3,1631.9,809.0,0.2027,,,,,,,1544.1,1009.6,0.1833,,,,1886.7,946.9,0.3529,,,
570,12,2,,,,,,,,,,1546.5,1020.4,0.1885,,,,1896.8,958.5,1.0025,,,
573,13,6,1619.2,822.2,0.1704,1619.2,834.2,0.1115,1261.5,1514.3,0.1175,1541.7,1019.1,0.2089,,,,1130.3,1257.8,0.5441,1279.3,1514.3,0.1494
573,12,5,1624.3,827.9,0.1232,1619.6,837.4,0.105,,,,1548.5,1027.0,0.1666,,,,1894.5,960.6,0.377,1283.0,1510.5,0.1064
585,13,5,1633.1,835.7,0.2648,,,,,,,1543.7,1031.3,0.3028,1649.9,830.1,0.1515,1130.3,1282.7,0.6903,761.6,1757.5,0.1672
588,13,2,,,,,,,,,,1541.4,1024.6,0.2315,,,,1129.0,1291.1,0.4153,,,
588,12,4,1632.5,848.3,0.299,,,,,,,1538.4,1036.4,0.2184,1647.4,818.6,0.1494,1736.5,1289.0,0.3788,,,
591,12,4,1628.5,843.3,0.8465,,,,,,,1541.9,1042.0,0.2662,1801.6,1138.8,0.1337,1745.6,1296.8,0.5129,,,
594,12,4,1626.5,853.0,0.1927,,,,,,,1539.5,1047.2,0.2647,1652.1,832.5,0.118,1897.6,1016.5,0.5961,,,
594,13,5,1629.9,862.8,0.1051,,,,,,,1538.5,1056.9,0.2641,1647.1,834.3,0.1302,1121.6,1308.0,0.252,887.4,1758.8,0.1308
597,12,3,,,,,,,,,,1540.4,1057.7,0.3098,1798.1,1160.8,0.1463,1751.7,1299.9,0.2074,,,
597,13,2,,,,,,,,,,1536.1,1063.4,0.2878,,,,1135.0,1324.8,0.4725,,,
600,12,3,,,,,,,,,,1535.0,1072.6,0.155,1797.0,1146.8,0.1985,1899.6,1021.3,0.2735,,,
600,13,3,,,,,,,,,,1537.1,1072.5,0.1687,,,,1136.9,1331.5,0.3416,1166.3,1537.4,0.1012
603,12,2,,,,,,,,,,,,,1808.5,1135.6,0.1209,1752.1,1293.5,0.6136,,,
606,12,1,,,,,,,,,,,,,,,,1743.6,1280.7,0.1076,,,
606,13,1,,,,,,,,,,,,,,,,685.7,1470.9,0.2427,,,
609,12,1,,,,,,,,,,,,,,,,1896.8,1020.4,0.6471,,,
609,13,2,,,,,,,,,,,,,,,,1116.3,1317.6,0.2132,953.8,1868.4,0.1488
612,12,3,1615.3,850.6,0.2009,1603.5,838.8,0.1104,,,,,,,,,,1745.4,1264.6,0.3656,,,
612,13,3,1619.5,847.5,0.2426,,,,,,,,,,,,,685.2,1486.2,0.4904,957.2,1870.6,0.1291
615,12,3,1613.6,838.7,0.1354,,,,,,,,,,,,,1744.7,1256.4,0.3669,1750.7,1632.2,0.1165
615,13,2,,,,,,,,,,,,,,,,675.0,1485.6,0.7297,925.0,1741.8,0.1696
618,12,3,,,,,,,,,,1595.2,831.9,0.1109,,,,1874.4,992.3,0.2746,1761.5,1628.1,0.1155
621,12,3,1592.0,813.9,0.2345,,,,1875.1,1597.0,0.1109,,,,,,,,,,1766.7,1609.1,0.1194
624,12,4,1587.2,797.7,0.1973,,,,1886.7,1582.4,0.184,,,,,,,1713.0,1229.0,0.7871,1850.8,1612.3,0.1142
624,13,2,,,,,,,,,,,,,,,,666.0,1482.1,0.154,1062.8,1660.5,0.1259
627,12,4,1575.8,787.8,0.2364,,,,1897.0,1560.6,0.2364,,,,,,,1724.0,1214.4,0.1044,1872.3,1591.5,0.1145
627,13,2,,,,,,,,,,,,,,,,1683.8,1210.2,0.1367,938.8,1834.8,0.1506
630,12,5,1558.6,772.4,0.3398,,,,1901.3,1537.5,0.2762,1528.0,1078.5,0.1592,,,,1681.0,1188.6,0.5433,1876.9,1586.4,0.1016
633,12,5,1550.5,757.2,0.4953,,,,1888.0,1513.5,0.1229,1519.2,1063.5,0.1866,,,,1694.2,1176.0,0.3718,1781.8,1519.8,0.1022
636,12,5,1547.5,735.7,0.4273,,,,1179.3,1097.6,0.1483,1503.8,1041.4,0.1605,,,,1666.1,1147.5,0.1551,1198.0,1559.4,0.1099
639,12,4,1532.5,711.2,0.3252,,,,1172.5,1096.1,0.1524,1507.7,1034.0,0.1593,,,,1662.8,1114.7,0.3158,,,
639,13,3,1486.6,1033.5,0.2436,,,,,,,1509.1,1033.5,0.1448,,,,1086.2,1276.0,0.2997,,,
642,12,4,1516.8,691.6,0.3244,,,,1165.4,1062.2,0.1155,1497.6,1017.5,0.1764,,,,1689.3,1106.9,0.1609,,,
645,12,3,1501.8,676.3,0.4136,,,,,,,1489.2,1002.8,0.1594,,,,1809.5,852.1,0.166,,,
648,12,4,1697.8,1487.6,0.4425,1710.2,1475.2,0.1168,,,,1481.8,678.9,0.1847,,,,1648.4,1030.8,0.2532,,,
651,12,3,1486.3,625.1,0.5138,,,,,,,1473.9,649.9,0.1588,,,,1653.8,1003.4,0.2475,,,
654,12,5,1472.5,599.5,0.6031,1702.0,1411.9,0.1045,,,,1460.1,618.1,0.1623,,,,1652.4,984.0,0.5682,1782.6,1362.3,0.1481
660,12,6,1450.0,534.7,0.6042,1698.0,1357.2,0.1647,1782.6,1175.8,0.1306,1443.9,552.8,0.1611,,,,1776.6,740.3,0.1654,1788.7,1308.8,0.1578
663,12,6,1443.4,511.1,0.5895,1694.4,1317.8,0.151,1915.0,1234.1,0.16,,,,1694.4,800.3,0.1126,1762.8,670.9,0.26,1785.7,1249.3,0.1329
666,12,6,1429.6,480.4,0.463,1694.0,1291.7,0.1746,1910.3,1195.5,0.2572,1417.6,750.8,0.139,,,,1615.9,840.9,0.225,1796.2,1213.5,0.1716
669,12,5,1416.6,449.6,0.4835,1694.8,1247.3,0.1717,1912.5,1156.7,0.2862,1416.6,709.5,0.1214,,,,,,,1791.6,1180.8,0.176
672,12,6,1405.5,419.5,0.3985,1688.1,1212.1,0.1359,1909.3,1107.6,0.3391,1405.5,665.2,0.1652,,,,1614.4,769.7,0.2037,1792.6,1132.2,0.1151
678,12,6,1364.4,330.0,0.4516,1674.5,1134.4,0.1283,1908.9,1031.2,0.3466,1394.7,563.8,0.2712,,,,1046.8,996.9,0.1161,1795.5,1051.9,0.1471
681,12,6,1343.3,292.3,0.331,1663.5,1096.3,0.1536,1901.8,983.3,0.3318,1380.5,531.5,0.3068,,,,1037.9,956.8,0.6656,1924.1,1003.3,0.1254
684,12,6,1687.9,1075.8,0.3087,1665.5,1069.3,0.1299,1897.3,946.2,0.2931,1366.5,499.0,0.2975,,,,1695.4,434.2,0.1192,1912.2,952.7,0.1303
687,12,5,1676.2,1043.1,0.4653,1654.1,1030.5,0.1278,1890.1,904.8,0.3541,1351.8,458.7,0.276,,,,1012.5,886.0,0.3657,,,
690,12,6,1666.0,1006.7,0.4041,1658.6,994.5,0.1475,1878.2,872.4,0.2749,1344.0,421.0,0.2495,,,,1000.1,854.1,0.5136,1892.8,860.2,0.1299
693,12,5,1308.3,164.2,0.4333,1653.0,967.8,0.1256,1859.8,827.0,0.2938,1329.0,387.1,0.1482,,,,,,,1880.5,821.2,0.1317
696,12,6,1290.1,128.0,0.6414,1637.0,929.7,0.1405,1840.3,779.4,0.3023,1308.0,345.2,0.144,,,,1511.4,462.1,0.3937,1654.9,723.8,0.1115
699,12,5,1270.1,102.2,0.5342,,,,1828.2,758.6,0.3666,1270.1,118.4,0.155,,,,1489.8,425.0,0.2226,1632.2,683.2,0.1062
705,12,5,1586.4,839.7,0.3625,,,,1794.3,691.2,0.169,1586.4,824.4,0.1135,,,,1592.3,184.3,0.4619,1598.2,614.4,0.1584
708,12,6,1578.5,816.4,0.3438,,,,1782.3,664.0,0.1863,1578.5,806.6,0.1244,1485.4,265.6,0.1063,1444.6,339.4,0.2416,1537.8,501.7,0.112
711,12,5,1563.6,791.7,0.2406,,,,1765.2,638.1,0.241,1569.4,786.9,0.1821,,,,1442.6,321.5,0.1481,1598.2,561.4,0.1274
714,12,5,1760.6,632.8,0.1301,,,,1760.6,628.1,0.2973,1558.1,764.1,0.1364,,,,1417.5,290.6,0.1688,1541.2,529.7,0.1054
717,12,5,1841.9,835.8,0.1337,,,,1759.8,616.6,0.3825,1546.2,749.0,0.1178,,,,1546.2,105.0,0.3681,1688.6,607.5,0.1358
720,12,3,,,,,,,1757.0,606.9,0.1728,,,,,,,1395.9,260.7,0.2185,1530.6,499.0,0.1409
723,12,4,1739.2,590.6,0.1174,,,,1750.3,595.2,0.2195,,,,,,,1396.7,245.3,0.3075,1507.2,472.5,0.1145
726,12,4,1730.3,574.3,0.1562,,,,1746.5,578.8,0.2369,,,,,,,1536.5,84.6,0.1928,1504.2,467.5,0.1304
729,12,4,1522.9,710.9,0.2469,,,,1738.5,577.9,0.2337,,,,,,,1392.5,233.9,0.4782,1574.0,532.0,0.1308
732,12,4,1715.1,564.2,0.1915,,,,1731.4,564.2,0.2688,,,,,,,1389.7,231.0,0.1553,1519.9,475.3,0.1369
735,12,4,1522.7,705.0,0.2385,,,,1733.8,583.8,0.2413,,,,,,,1378.2,215.5,0.2557,1583.8,543.3,0.1509
738,12,4,1518.6,699.8,0.276,,,,1729.9,565.2,0.2753,,,,,,,1379.5,210.8,0.3229,1652.1,372.3,0.1115
741,12,5,1518.2,697.3,0.1995,,,,1726.1,556.1,0.3429,1184.4,105.9,0.111,,,,1375.9,198.6,0.1142,1660.4,556.1,0.1091
744,12,3,1519.5,689.2,0.3992,,,,1728.3,556.7,0.2666,1184.3,110.5,0.1227,,,,,,,,,
747,12,4,1514.9,681.8,0.4155,,,,1719.7,563.8,0.296,,,,,,,1514.9,56.8,0.1629,1504.2,476.4,0.1551
750,12,5,1508.8,673.5,0.139,,,,1569.7,479.3,0.1234,1508.8,669.5,0.1008,,,,1374.9,202.0,0.1621,1516.9,479.3,0.1066
753,12,3,1508.9,672.6,0.3322,,,,,,,,,,,,,1365.9,193.9,0.3354,1521.2,490.6,0.1185
756,12,2,1498.9,674.8,0.3313,,,,,,,,,,,,,1361.9,196.2,0.1975,,,
756,13,1,,,,,,,,,,,,,,,,485.7,787.4,0.6388,,,
759,12,1,,,,,,,,,,,,,,,,1352.0,199.2,0.3526,,,
759,13,1,,,,,,,,,,,,,,,,486.8,790.6,0.438,,,
762,12,2,1478.0,659.8,0.2266,,,,,,,,,,,,,1346.7,206.5,0.2267,,,
762,13,1,,,,,,,,,,,,,,,,475.6,788.9,0.5947,,,
765,12,2,1119.4,166.7,0.1948,,,,,,,,,,,,,1340.8,212.4,0.1389,,,
768,12,2,1113.7,188.6,0.1815,,,,,,,,,,,,,1334.3,226.0,0.2815,,,
771,12,1,,,,,,,,,,,,,,,,1319.7,233.9,0.4916,,,
774,12,1,,,,,,,,,,,,,,,,1291.6,237.6,0.3532,,,
774,13,1,,,,,,,,,,,,,,,,478.8,846.3,0.5457,,,
777,12,2,,,,,,,1611.1,527.8,0.2275,,,,,,,1409.6,94.1,0.2426,,,
783,12,1,,,,,,,1593.6,544.6,0.2536,,,,,,,,,,,,
783,13,1,,,,,,,,,,,,,,,,484.1,887.9,0.1632,,,
786,12,2,,,,,,,1592.1,559.0,0.1793,,,,,,,1384.7,119.2,0.501,,,
789,12,2,,,,,,,1585.9,557.3,0.1235,,,,,,,1371.8,124.8,0.51,,,
792,12,2,,,,,,,1574.0,552.1,0.1721,1001.2,54.4,0.1096,,,,,,,,,
795,12,3,977.3,71.9,0.4633,,,,1552.0,558.5,0.1622,,,,,,,1328.0,156.5,0.2069,,,
798,12,2,949.7,100.0,0.5639,,,,,,,1084.1,73.9,0.1246,,,,,,,,,
801,12,3,924.4,130.8,0.5384,,,,,,,1057.5,90.2,0.158,,,,1284.1,198.4,0.1837,,,
804,12,3,899.3,171.2,0.513,,,,,,,1029.2,118.9,0.1691,,,,1257.9,214.0,0.3782,,,
