frame,track_id,class_name,confidence,bbox_x1,bbox_y1,bbox_x2,bbox_y2,center_x,center_y
0,1,marine mammal,0.4550917148590088,2011.2540283203125,293.8829040527344,2209.663818359375,374.13153076171875,2110,334
63,2,whale,0.44444021582603455,2048.230224609375,841.5699462890625,2361.261474609375,953.778076171875,2204,897
66,2,marine mammal,0.6798507571220398,2027.908935546875,816.6190795898438,2372.97509765625,967.3364868164062,2200,891
72,2,marine mammal,0.7057511806488037,1990.3245849609375,751.3861083984375,2317.33984375,905.6281127929688,2153,828
75,2,whale,0.4854179322719574,1974.22998046875,723.5951538085938,2311.60986328125,846.177490234375,2142,784
78,2,marine mammal,0.7760246396064758,1954.346923828125,686.6265258789062,2313.79541015625,856.7760009765625,2134,771
81,2,marine mammal,0.8282430768013,1943.35986328125,651.4515991210938,2302.972412109375,827.7340087890625,2123,739
84,2,marine mammal,0.7993923425674438,1935.2200927734375,616.967041015625,2302.342041015625,795.0529174804688,2118,706
87,2,marine mammal,0.8129531741142273,1927.089111328125,586.6064453125,2292.46142578125,772.1942749023438,2109,679
90,2,marine mammal,0.5805610418319702,1913.0072021484375,608.55615234375,2278.21240234375,817.03564453125,2095,712
99,3,marine mammal,0.8003221154212952,1841.948486328125,750.2437744140625,2208.762939453125,955.8631591796875,2025,853
102,3,marine mammal,0.8038750886917114,1816.9893798828125,785.5140380859375,2191.418701171875,993.733154296875,2004,889
105,3,whale,0.6444003582000732,1794.64453125,787.735107421875,2170.748291015625,984.4244384765625,1982,886
108,3,whale,0.5452914237976074,1778.586181640625,740.0604858398438,2147.5458984375,929.5936889648438,1963,834
111,3,whale,0.5387794375419617,1762.4505615234375,665.836669921875,2137.210205078125,875.7145385742188,1949,770
114,3,marine mammal,0.7093659043312073,1747.35498046875,545.9146728515625,2125.77392578125,772.0382080078125,1936,658
117,2,whale,0.5295112133026123,1731.752685546875,424.1153869628906,2117.89208984375,647.6812744140625,1924,535
120,2,whale,0.38155391812324524,1727.352294921875,429.3431396484375,2114.03369140625,651.97998046875,1920,540
123,3,marine mammal,0.48480287194252014,1716.8060302734375,448.7580871582031,2104.46142578125,676.7528686523438,1910,562
126,3,whale,0.6118065118789673,1715.0457763671875,467.65814208984375,2101.339599609375,696.2708740234375,1908,581
129,3,whale,0.49796247482299805,1716.8404541015625,479.69677734375,2101.2216796875,713.4644775390625,1909,596
132,3,whale,0.6286661624908447,1720.40087890625,495.36895751953125,2108.043212890625,732.8309326171875,1914,614
135,3,whale,0.4373129904270172,1726.9716796875,511.667724609375,2108.449951171875,743.419189453125,1917,627
138,3,whale,0.4170984923839569,1730.2926025390625,522.8530883789062,2114.400146484375,766.8856201171875,1922,644
141,3,whale,0.3929513394832611,1741.972412109375,536.53955078125,2122.806884765625,779.286865234375,1932,657
144,3,whale,0.3651050925254822,1750.9482421875,523.3672485351562,2127.52880859375,768.6533203125,1939,646
147,3,whale,0.5187130570411682,1757.03173828125,495.3409423828125,2134.947509765625,737.68212890625,1945,616
150,3,whale,0.2652435898780823,1761.202880859375,507.51910400390625,2144.222412109375,750.7518310546875,1952,629
153,3,whale,0.5022337436676025,1768.6234130859375,518.046630859375,2148.46142578125,765.4061279296875,1958,641
192,4,whale,0.3997683823108673,1882.6025390625,763.954833984375,2238.0244140625,1011.3306884765625,2060,887
195,4,whale,0.457764208316803,1886.5037841796875,774.6608276367188,2249.805908203125,1032.6204833984375,2068,903
201,4,whale,0.2606387734413147,1893.4365234375,788.47412109375,2251.4853515625,1044.144287109375,2072,916
213,4,whale,0.353739470243454,1879.729248046875,775.2039184570312,2237.57373046875,1043.193359375,2058,909
216,4,whale,0.42593494057655334,1877.09814453125,770.5698852539062,2237.2900390625,1038.279541015625,2057,904
219,4,whale,0.28798893094062805,1872.034912109375,762.7036743164062,2224.88720703125,1030.74072265625,2048,896
285,5,whale,0.3499797582626343,1736.521728515625,604.8001708984375,2051.939453125,898.6047973632812,1894,751
288,5,whale,0.2944168150424957,1727.7864990234375,594.3165893554688,2050.48779296875,895.7625732421875,1889,745
303,5,whale,0.3246329724788666,1689.31787109375,557.307861328125,2038.18212890625,846.09521484375,1863,701
309,5,whale,0.3660927414894104,1674.59765625,564.7633666992188,2038.4608154296875,850.3504028320312,1856,707
312,5,whale,0.4085037410259247,1669.7310791015625,562.8535766601562,2045.2042236328125,861.5945434570312,1857,712
315,5,whale,0.44582995772361755,1666.5301513671875,564.8441772460938,2053.77294921875,863.2381591796875,1860,714
318,5,marine mammal,0.42028728127479553,1662.5203857421875,565.1510620117188,2057.60986328125,869.6715698242188,1860,717
321,5,whale,0.4256828725337982,1657.9053955078125,567.40673828125,2065.697265625,886.73388671875,1861,727
324,5,whale,0.4623383581638336,1657.423095703125,571.2306518554688,2088.029296875,893.3162841796875,1872,732
327,5,whale,0.32142212986946106,1653.662109375,573.9482421875,2073.198486328125,899.0234985351562,1863,736
330,5,whale,0.36442187428474426,1653.7210693359375,577.38720703125,2091.537841796875,913.9473266601562,1872,745
333,5,whale,0.5043145418167114,1654.279541015625,579.9789428710938,2086.6171875,929.6907958984375,1870,754
336,5,whale,0.3411821722984314,1657.579833984375,584.2120971679688,2076.61376953125,924.0247192382812,1867,754
339,5,whale,0.3724289834499359,1689.7840576171875,636.3389282226562,2046.9664306640625,913.6307373046875,1868,774
342,5,whale,0.326367050409317,1685.3408203125,632.1326293945312,2042.92822265625,920.32470703125,1864,776
345,5,whale,0.5871168971061707,1699.4725341796875,646.5698852539062,2057.53955078125,931.6768798828125,1878,789
348,5,whale,0.3329988718032837,1699.9903564453125,650.250244140625,2073.556884765625,949.927978515625,1886,800
351,5,whale,0.23406419157981873,1707.4112548828125,653.0999145507812,2077.264404296875,973.0924682617188,1892,813
354,5,whale,0.3999176323413849,1709.6898193359375,661.8759155273438,2089.239501953125,961.9396362304688,1899,811
357,5,whale,0.45009925961494446,1716.277587890625,664.131591796875,2086.53955078125,957.6888427734375,1901,810
360,5,whale,0.3812238276004791,1709.0277099609375,660.5364990234375,2091.234619140625,965.2366333007812,1900,812
363,5,whale,0.5147712230682373,1705.31396484375,654.2047119140625,2103.110595703125,973.265625,1904,813
366,5,whale,0.4965978264808655,1697.9417724609375,648.19189453125,2113.0517578125,982.094970703125,1905,815
369,5,marine mammal,0.6175660490989685,1693.859619140625,641.9613037109375,2112.147216796875,985.3071899414062,1903,813
372,5,whale,0.5475422739982605,1683.8419189453125,630.5198974609375,2124.260009765625,993.652099609375,1904,812
375,5,whale,0.2762452960014343,1678.5831298828125,623.8330078125,2124.728271484375,1002.673095703125,1901,813
378,5,marine mammal,0.3150798976421356,1665.021240234375,614.1534423828125,2128.604248046875,1038.5897216796875,1896,826
381,5,marine mammal,0.6054204702377319,1658.8582763671875,605.0530395507812,2082.633056640625,1029.5767822265625,1870,817
384,5,marine mammal,0.49111053347587585,1648.3604736328125,595.9224243164062,2055.905517578125,1062.209228515625,1852,829
387,5,marine mammal,0.3481891453266144,1639.2930908203125,580.4747314453125,2079.170166015625,1055.53759765625,1859,818
393,5,marine mammal,0.5234600901603699,1617.49658203125,555.9747314453125,2009.677001953125,862.4356079101562,1813,709
396,5,marine mammal,0.6440305709838867,1604.95751953125,542.3529663085938,1993.616455078125,849.2413940429688,1799,695
399,5,marine mammal,0.4899365305900574,1592.9410400390625,529.9500732421875,1995.5848388671875,847.8306884765625,1794,688
429,5,marine mammal,0.43073469400405884,1469.0379638671875,406.10430908203125,1915.187255859375,772.9500732421875,1692,589
435,5,marine mammal,0.4611207842826843,1453.6761474609375,386.9583435058594,1932.8192138671875,785.645751953125,1693,586
438,5,marine mammal,0.47248518466949463,1443.1212158203125,375.5345764160156,1935.1710205078125,784.5752563476562,1689,580
441,5,marine mammal,0.28916582465171814,1438.3634033203125,369.7684020996094,1943.4151611328125,810.5512084960938,1690,590
444,5,marine mammal,0.35545191168785095,1430.401611328125,367.8437805175781,1943.072021484375,835.2251586914062,1686,601
447,5,marine mammal,0.3843284249305725,1422.2904052734375,365.08685302734375,1952.5733642578125,829.3742065429688,1687,597
456,5,marine mammal,0.30294883251190186,1402.5465087890625,354.39788818359375,1930.275146484375,821.1333618164062,1666,587
459,5,marine mammal,0.2312023937702179,1402.56640625,349.2477722167969,1925.61962890625,797.7426147460938,1664,573
483,5,marine mammal,0.37901490926742554,1388.857177734375,310.85491943359375,1868.33056640625,690.3309326171875,1628,500
486,5,marine mammal,0.3885756731033325,1393.2158203125,306.633544921875,1883.442626953125,683.924560546875,1638,495
489,5,marine mammal,0.4896286129951477,1407.5548095703125,306.2256774902344,1900.401123046875,687.5543212890625,1653,496
492,5,whale,0.34627267718315125,1420.1898193359375,302.7275695800781,1913.4107666015625,687.7236328125,1666,495
495,5,marine mammal,0.42071905732154846,1441.4334716796875,301.5317687988281,1948.9805908203125,693.50634765625,1695,497
498,5,marine mammal,0.6530815362930298,1457.3873291015625,303.1738586425781,1962.205078125,684.0671997070312,1709,493
501,5,marine mammal,0.5167331099510193,1483.46044921875,297.7132873535156,1983.7708740234375,667.02392578125,1733,482
504,5,marine mammal,0.7952032685279846,1504.525634765625,301.1082763671875,1996.877197265625,671.3795776367188,1750,486
507,5,marine mammal,0.8518894910812378,1526.6829833984375,301.7205810546875,2013.001220703125,664.4376831054688,1769,483
510,5,marine mammal,0.8790023922920227,1550.23974609375,305.6351013183594,2054.693115234375,675.8687744140625,1802,490
513,5,marine mammal,0.9442116618156433,1575.3167724609375,307.80426025390625,2073.319580078125,662.09375,1824,484
516,5,marine mammal,0.8973358869552612,1601.22802734375,311.9425964355469,2088.470458984375,663.604248046875,1844,487
519,5,whale,0.5746952295303345,1622.7447509765625,315.9635009765625,2104.767578125,679.6129760742188,1863,497
522,5,marine mammal,0.5053113102912903,1645.6092529296875,322.628173828125,2140.81201171875,698.3611450195312,1893,510
525,5,marine mammal,0.3122788369655609,1671.5556640625,327.9277038574219,2141.63671875,683.7757568359375,1906,505
528,5,marine mammal,0.4246179461479187,1695.4053955078125,330.1608581542969,2163.608154296875,688.6351318359375,1929,509
531,5,whale,0.3054654002189636,1716.1732177734375,334.8518371582031,2162.53662109375,671.717529296875,1939,503
534,5,whale,0.43782514333724976,1734.3914794921875,343.2413635253906,2140.718505859375,620.8167724609375,1937,482
540,5,whale,0.46187707781791687,1770.4888916015625,341.616943359375,2226.70458984375,688.5195922851562,1998,515
543,5,marine mammal,0.6806049942970276,1791.607177734375,341.29669189453125,2239.861083984375,685.8967895507812,2015,513
546,5,marine mammal,0.8176316618919373,1804.716796875,341.26611328125,2249.454345703125,684.9457397460938,2027,513
549,5,marine mammal,0.8493020534515381,1814.1961669921875,344.3130798339844,2263.814453125,681.0137939453125,2039,512
552,5,marine mammal,0.7548781037330627,1827.095947265625,353.29864501953125,2276.2939453125,690.5811157226562,2051,521
555,5,whale,0.6614792346954346,1835.7630615234375,364.38555908203125,2288.77099609375,698.1927490234375,2062,531
558,5,whale,0.43981313705444336,1847.2862548828125,376.1624450683594,2300.27294921875,717.017822265625,2073,546
561,5,whale,0.274017333984375,1852.5,387.5821838378906,2309.549072265625,729.2697143554688,2081,558
564,5,whale,0.3607194721698761,1859.8154296875,403.932861328125,2320.396728515625,747.1792602539062,2090,575
567,5,whale,0.40733522176742554,1866.0565185546875,419.1328125,2330.615478515625,770.0762329101562,2098,594
570,5,marine mammal,0.32746434211730957,1876.2425537109375,440.63909912109375,2341.6298828125,793.4463500976562,2108,617
573,5,marine mammal,0.38866448402404785,1878.3240966796875,464.50433349609375,2352.62646484375,820.7821655273438,2115,642
576,5,marine mammal,0.743811309337616,1886.9659423828125,488.9894714355469,2359.87890625,847.205078125,2123,668
579,5,whale,0.6074380874633789,1892.6427001953125,516.353271484375,2367.40478515625,874.9893188476562,2130,695
582,5,marine mammal,0.6356390714645386,1899.85693359375,545.0162353515625,2375.1044921875,902.67578125,2137,723
585,5,marine mammal,0.7143529653549194,1901.2379150390625,576.4837646484375,2380.362548828125,941.0628662109375,2140,758
588,5,marine mammal,0.40171781182289124,1904.5367431640625,604.765380859375,2383.52880859375,973.595458984375,2144,789
591,5,marine mammal,0.806810736656189,1908.0653076171875,636.2604370117188,2387.824951171875,1008.2922973632812,2147,822
594,5,marine mammal,0.852171003818512,1908.7781982421875,667.2289428710938,2387.927734375,1020.96240234375,2148,844
597,5,marine mammal,0.5155375003814697,1910.2071533203125,698.3750610351562,2392.64013671875,1056.996826171875,2151,877
600,5,marine mammal,0.4551558196544647,1910.076904296875,723.8435668945312,2379.72998046875,1077.617919921875,2144,900
603,5,marine mammal,0.34579357504844666,1918.3359375,759.3651123046875,2337.814453125,1064.29833984375,2128,911
606,5,whale,0.5247516632080078,1920.802734375,788.8641357421875,2335.998779296875,1101.46142578125,2128,945
609,5,whale,0.5885697603225708,1926.6661376953125,826.5847778320312,2346.534912109375,1131.084716796875,2136,978
612,5,marine mammal,0.825394868850708,1924.206298828125,852.5159912109375,2366.37890625,1187.2327880859375,2145,1019
615,5,whale,0.5863547325134277,1926.7474365234375,874.0191650390625,2343.131103515625,1169.7249755859375,2134,1021
618,5,marine mammal,0.532073974609375,1919.4752197265625,888.0465087890625,2338.69140625,1213.7242431640625,2129,1050
621,5,marine mammal,0.7355548143386841,1915.0455322265625,900.8084106445312,2357.553466796875,1237.737060546875,2136,1069
624,5,marine mammal,0.7035051584243774,1909.0089111328125,906.2125854492188,2353.766845703125,1219.6033935546875,2131,1062
627,5,whale,0.3280711770057678,1903.634033203125,912.9058227539062,2352.45556640625,1216.247802734375,2128,1064
630,5,whale,0.6088799834251404,1898.347412109375,912.6961669921875,2346.17431640625,1252.559326171875,2122,1082
633,5,marine mammal,0.9136838316917419,1892.38330078125,908.9382934570312,2331.849853515625,1250.5631103515625,2112,1079
636,5,marine mammal,0.7927296161651611,1878.8397216796875,905.5767211914062,2325.524658203125,1246.7408447265625,2102,1076
639,5,marine mammal,0.7695429921150208,1864.135986328125,895.6719360351562,2315.64990234375,1243.0543212890625,2089,1069
642,5,marine mammal,0.3825864791870117,1856.3280029296875,893.1795654296875,2307.75537109375,1239.381591796875,2082,1066
645,5,marine mammal,0.6206263303756714,1846.1531982421875,882.344970703125,2302.093017578125,1231.0693359375,2074,1056
648,5,marine mammal,0.72314453125,1835.2364501953125,876.5950927734375,2297.37841796875,1229.8861083984375,2066,1053
651,5,whale,0.4585326910018921,1825.6453857421875,869.9100952148438,2289.52685546875,1221.7003173828125,2057,1045
654,5,marine mammal,0.48343217372894287,1816.6392822265625,859.9857788085938,2278.236083984375,1211.4993896484375,2047,1035
657,5,marine mammal,0.6787095069885254,1808.0438232421875,854.445556640625,2273.503662109375,1207.254638671875,2040,1030
660,5,marine mammal,0.41555675864219666,1802.637451171875,849.0595703125,2269.0322265625,1197.94921875,2035,1023
663,5,marine mammal,0.7072785496711731,1796.2181396484375,839.50927734375,2266.946044921875,1190.8502197265625,2031,1015
666,5,marine mammal,0.8506991267204285,1790.3441162109375,831.0778198242188,2256.642578125,1177.297607421875,2023,1004
669,5,marine mammal,0.7754117250442505,1780.5872802734375,824.1970825195312,2249.526611328125,1168.360595703125,2015,996
672,5,marine mammal,0.7938476800918579,1769.7694091796875,817.2540893554688,2237.337646484375,1169.268798828125,2003,993
675,5,marine mammal,0.766644299030304,1758.343505859375,809.2186889648438,2229.960205078125,1153.556884765625,1994,981
678,5,marine mammal,0.8155666589736938,1748.0390625,801.1072998046875,2226.596435546875,1147.611083984375,1987,974
681,5,marine mammal,0.7117045521736145,1738.3765869140625,791.5310668945312,2210.17919921875,1133.2611083984375,1974,962
684,5,marine mammal,0.8116509318351746,1730.696044921875,784.254638671875,2199.366943359375,1109.4493408203125,1965,946
687,5,marine mammal,0.8364556431770325,1719.1318359375,776.6697387695312,2193.059326171875,1094.7506103515625,1956,935
690,5,marine mammal,0.6170908808708191,1706.94580078125,770.4276123046875,2159.392822265625,1114.5904541015625,1933,942
693,5,marine mammal,0.8566179871559143,1703.52392578125,771.3700561523438,2133.0009765625,1072.6011962890625,1918,921
696,5,marine mammal,0.7913638353347778,1692.948486328125,773.5169677734375,2165.813232421875,1077.3065185546875,1929,925
699,5,marine mammal,0.818498432636261,1675.928466796875,773.3375244140625,2147.1806640625,1087.0697021484375,1911,930
702,5,marine mammal,0.8280678987503052,1673.5396728515625,780.069580078125,2136.8330078125,1126.5919189453125,1905,953
705,5,marine mammal,0.8569549918174744,1663.8037109375,784.3143920898438,2120.428466796875,1120.7276611328125,1892,952
708,5,marine mammal,0.6076001524925232,1657.2510986328125,795.7452392578125,2106.70751953125,1114.5029296875,1881,955
711,5,marine mammal,0.5220755934715271,1647.0889892578125,801.700927734375,2103.837890625,1117.1568603515625,1875,959
714,5,marine mammal,0.6384891271591187,1641.6207275390625,807.5392456054688,2093.04150390625,1134.29345703125,1867,970
717,5,marine mammal,0.3985920548439026,1630.18408203125,811.7516479492188,2090.113525390625,1136.9991455078125,1860,974
720,5,marine mammal,0.6641411185264587,1617.96435546875,820.6964721679688,2078.845947265625,1156.3963623046875,1848,988
723,5,marine mammal,0.7301754951477051,1613.7725830078125,829.5137329101562,2081.6982421875,1145.5595703125,1847,987
726,5,marine mammal,0.8106003403663635,1606.87646484375,837.5300903320312,2070.61376953125,1180.5889892578125,1838,1009
729,5,marine mammal,0.9008212685585022,1600.3912353515625,846.5420532226562,2064.775146484375,1186.42041015625,1832,1016
732,5,marine mammal,0.7736326456069946,1589.0357666015625,853.77099609375,2062.8701171875,1196.0325927734375,1825,1024
735,5,marine mammal,0.8067662715911865,1583.9095458984375,860.6619873046875,2050.7412109375,1208.0333251953125,1817,1034
738,5,marine mammal,0.7456580400466919,1579.74755859375,873.3766479492188,2039.912109375,1217.603759765625,1809,1045
741,5,marine mammal,0.6807876229286194,1566.5662841796875,886.9854125976562,2031.24951171875,1226.343505859375,1798,1056
744,5,marine mammal,0.7706567049026489,1560.73974609375,897.82177734375,2029.6259765625,1240.5867919921875,1795,1069
747,5,marine mammal,0.6208845376968384,1556.0380859375,909.2245483398438,2021.4405517578125,1245.6492919921875,1788,1077
750,5,marine mammal,0.533807098865509,1539.24609375,915.6245727539062,2016.673095703125,1257.9676513671875,1777,1086
753,5,marine mammal,0.5347204804420471,1536.7408447265625,930.9056396484375,2010.655517578125,1272.0208740234375,1773,1101
756,5,marine mammal,0.5770068764686584,1524.47021484375,940.2035522460938,2002.459716796875,1298.7564697265625,1763,1119
759,5,marine mammal,0.5608744621276855,1514.84033203125,954.2464599609375,1989.346435546875,1295.3572998046875,1752,1124
762,5,marine mammal,0.7385703921318054,1507.1854248046875,963.2089233398438,1966.9068603515625,1296.6767578125,1737,1129
765,5,marine mammal,0.8371103405952454,1501.8583984375,975.4713134765625,1973.9593505859375,1317.28857421875,1737,1146
768,5,marine mammal,0.6604360938072205,1494.9818115234375,979.8653564453125,1975.1964111328125,1318.838623046875,1735,1149
771,5,marine mammal,0.587443470954895,1496.2647705078125,989.9679565429688,1964.3017578125,1317.7904052734375,1730,1153
774,5,marine mammal,0.8860265612602234,1491.6002197265625,993.7780151367188,1967.4898681640625,1333.4583740234375,1729,1163
777,5,marine mammal,0.7855472564697266,1487.8077392578125,998.02001953125,1982.167236328125,1344.259033203125,1734,1171
780,5,whale,0.3015405833721161,1487.1820068359375,1004.3345947265625,1964.3065185546875,1338.668701171875,1725,1171
789,5,marine mammal,0.34148961305618286,1478.677001953125,1003.0236206054688,1952.337890625,1321.8526611328125,1715,1162
792,5,marine mammal,0.4041580855846405,1470.0517578125,1002.5597534179688,1933.830810546875,1315.3699951171875,1701,1158
795,5,marine mammal,0.40400397777557373,1463.3233642578125,999.072509765625,1920.7149658203125,1302.541259765625,1692,1150
801,5,whale,0.2660945951938629,1453.0726318359375,990.6002197265625,1925.4781494140625,1317.627685546875,1689,1154
807,5,whale,0.5882556438446045,1450.442138671875,977.3575439453125,1927.509521484375,1270.9693603515625,1688,1124
810,5,whale,0.401685506105423,1441.3621826171875,977.6492309570312,1925.616943359375,1285.4249267578125,1683,1131
813,5,whale,0.704727828502655,1445.9267578125,970.39697265625,1889.88134765625,1266.5203857421875,1667,1118
816,5,whale,0.7325769066810608,1440.810546875,967.894775390625,1876.3675537109375,1261.5616455078125,1658,1114
819,5,whale,0.7348818778991699,1445.5443115234375,960.3838500976562,1921.18798828125,1262.188720703125,1683,1111
822,5,marine mammal,0.5853157639503479,1446.826171875,954.993896484375,1915.33154296875,1256.3800048828125,1681,1105
825,5,marine mammal,0.5477924942970276,1450.8074951171875,949.7653198242188,1922.9267578125,1256.2398681640625,1686,1103
828,5,marine mammal,0.6276131272315979,1448.591552734375,945.9642333984375,1924.9544677734375,1263.6207275390625,1686,1104
831,5,whale,0.3999892473220825,1449.328125,940.557373046875,1892.1009521484375,1231.00927734375,1670,1085
834,5,whale,0.4630257189273834,1459.9493408203125,931.5137329101562,1880.8304443359375,1200.9951171875,1670,1066
837,5,whale,0.6720015406608582,1456.4241943359375,925.8096313476562,1916.246337890625,1223.6302490234375,1686,1074
843,5,whale,0.5557311773300171,1460.427734375,915.6998291015625,1921.118896484375,1226.0947265625,1690,1070
846,5,marine mammal,0.6625668406486511,1464.287841796875,909.10693359375,1935.772705078125,1243.8035888671875,1700,1076
849,5,whale,0.5147380828857422,1470.7391357421875,902.4723510742188,1923.522705078125,1217.5645751953125,1697,1060
852,5,whale,0.3468959629535675,1475.7371826171875,895.9308471679688,1956.6856689453125,1223.499755859375,1716,1059
855,5,marine mammal,0.386386901140213,1481.7166748046875,891.0552978515625,1963.42724609375,1207.53564453125,1722,1049
858,5,whale,0.6263404488563538,1486.6871337890625,883.7464599609375,1972.670654296875,1205.3287353515625,1729,1044
861,5,whale,0.6725524663925171,1500.75927734375,878.1654663085938,1982.1270751953125,1210.013671875,1741,1044
864,5,marine mammal,0.6627225279808044,1508.0618896484375,870.2625732421875,1988.7364501953125,1193.854248046875,1748,1032
867,5,whale,0.6467559337615967,1514.32763671875,865.1065063476562,2001.4683837890625,1196.1314697265625,1757,1030
870,5,whale,0.38502052426338196,1518.798095703125,857.7550048828125,2007.76513671875,1189.94091796875,1763,1023
873,5,whale,0.41444283723831177,1528.4671630859375,852.6248168945312,2012.7049560546875,1179.5947265625,1770,1016
876,5,whale,0.5689073204994202,1535.0906982421875,845.9205322265625,2029.5333251953125,1174.9808349609375,1782,1010
879,5,whale,0.3745098114013672,1544.0167236328125,840.7695922851562,2029.3795166015625,1173.6702880859375,1786,1007
936,6,whale,0.42081478238105774,1615.033203125,801.355224609375,1982.20654296875,1069.083251953125,1798,935
939,6,whale,0.2928510010242462,1611.2889404296875,799.01220703125,2002.0294189453125,1078.9951171875,1806,939
942,6,whale,0.4601024389266968,1609.0166015625,794.1817016601562,1998.949951171875,1082.958984375,1803,938
948,6,whale,0.3493708074092865,1603.7230224609375,785.9089965820312,2069.453125,1123.700439453125,1836,954
951,6,whale,0.653305172920227,1597.49267578125,784.9191284179688,2041.05615234375,1091.771240234375,1819,938
954,6,whale,0.5059787631034851,1590.8162841796875,779.3468627929688,2060.469970703125,1109.191162109375,1825,944
957,6,whale,0.5961668491363525,1582.128662109375,775.3033447265625,2054.89306640625,1110.910888671875,1818,943
960,6,whale,0.31012460589408875,1574.7410888671875,765.2003173828125,2049.81689453125,1105.722412109375,1812,935
963,6,whale,0.6349923610687256,1567.9013671875,750.9398803710938,2047.55712890625,1096.937744140625,1807,923
966,6,whale,0.3969981074333191,1560.9481201171875,743.039794921875,2043.1849365234375,1099.5809326171875,1802,921
969,6,marine mammal,0.688474178314209,1548.6126708984375,749.1220092773438,2038.4190673828125,1103.8353271484375,1793,926
972,6,whale,0.6480296850204468,1545.3621826171875,749.4133911132812,2044.1282958984375,1109.669921875,1794,929
975,6,whale,0.761722207069397,1542.339111328125,764.4620361328125,2046.8250732421875,1113.9583740234375,1794,939
978,6,whale,0.5524729490280151,1543.418701171875,773.4876708984375,2053.6904296875,1128.6632080078125,1798,951
981,6,whale,0.6152862906455994,1530.090087890625,767.0143432617188,2048.865966796875,1141.5765380859375,1789,954
984,6,whale,0.5734710097312927,1529.293212890625,774.8294677734375,2055.7939453125,1155.410888671875,1792,965
987,6,whale,0.47638651728630066,1536.0205078125,790.8971557617188,2051.2939453125,1171.39501953125,1793,981
990,6,whale,0.650130033493042,1529.99072265625,819.1642456054688,2055.3232421875,1180.2620849609375,1792,999
993,6,whale,0.5356172323226929,1522.5435791015625,824.080078125,2046.57568359375,1204.526123046875,1784,1014
996,6,whale,0.2229842096567154,1516.0577392578125,818.1154174804688,2043.724853515625,1216.4334716796875,1779,1017
999,6,whale,0.43540868163108826,1511.031005859375,829.4970703125,2044.87353515625,1232.0135498046875,1777,1030
1005,6,whale,0.3472045958042145,1535.67626953125,901.42236328125,2028.8975830078125,1287.66064453125,1782,1094
1008,6,whale,0.39782169461250305,1526.486328125,908.8194580078125,2014.1416015625,1323.236572265625,1770,1116
1011,6,marine mammal,0.4848407506942749,1531.01953125,936.3930053710938,1967.0423583984375,1323.1153564453125,1749,1129
1014,6,whale,0.4694001078605652,1532.6839599609375,953.40087890625,1996.9859619140625,1319.6572265625,1764,1136
1017,6,whale,0.49787428975105286,1523.369873046875,969.7992553710938,2004.376953125,1353.689697265625,1763,1161
1023,6,whale,0.27547886967658997,1523.3240966796875,1004.3278198242188,1989.9405517578125,1402.998046875,1756,1203
1026,6,whale,0.2785405218601227,1518.687255859375,1026.0018310546875,1996.0286865234375,1425.116455078125,1757,1225
1029,6,marine mammal,0.23261812329292297,1515.0450439453125,1047.1488037109375,2000.1053466796875,1427.6917724609375,1757,1237
1032,6,whale,0.3332868218421936,1510.657470703125,1062.751953125,2011.3564453125,1446.8662109375,1761,1254
1038,6,whale,0.31356775760650635,1505.6192626953125,1096.1419677734375,2000.3489990234375,1466.848876953125,1752,1281
1041,6,whale,0.2852995991706848,1497.1614990234375,1112.390625,2027.895263671875,1497.9678955078125,1762,1305
1068,6,whale,0.346077561378479,1451.0701904296875,1246.343994140625,2086.528564453125,1687.3663330078125,1768,1466
1110,7,whale,0.5093392133712769,1471.424072265625,1167.1995849609375,1737.1556396484375,1372.74462890625,1604,1269
1119,7,whale,0.620495617389679,1462.482421875,1033.3953857421875,1688.5308837890625,1301.6231689453125,1575,1167
1122,7,whale,0.5484042763710022,1472.407958984375,1018.0468139648438,1687.6231689453125,1288.935546875,1580,1153
1125,8,marine mammal,0.4155683219432831,1476.1890869140625,1002.296630859375,1812.7138671875,1443.1875,1644,1222
1128,8,marine mammal,0.5108168125152588,1480.8446044921875,992.4173583984375,1800.5782470703125,1436.4993896484375,1640,1214
1131,8,marine mammal,0.6244588494300842,1491.5252685546875,964.7589111328125,1798.14453125,1417.36669921875,1644,1191
1134,8,marine mammal,0.4799026548862457,1502.8447265625,930.095947265625,1796.46533203125,1404.1417236328125,1649,1167
1176,9,marine mammal,0.4002339541912079,1661.9256591796875,809.4955444335938,1812.1746826171875,1307.4456787109375,1737,1058
1179,9,whale,0.2606852650642395,1670.9696044921875,832.5331420898438,1814.83154296875,1255.17236328125,1742,1043
1182,9,whale,0.48665672540664673,1670.529541015625,848.6134643554688,1820.4940185546875,1373.48779296875,1745,1111
1185,9,whale,0.2666102349758148,1675.00927734375,860.6239624023438,1829.302734375,1342.564453125,1752,1101
1188,9,marine mammal,0.35054728388786316,1684.3758544921875,865.0082397460938,1825.8856201171875,1338.6778564453125,1755,1101
1191,9,marine mammal,0.5803278684616089,1690.9705810546875,859.3225708007812,1832.8685302734375,1360.501220703125,1761,1109
1197,9,marine mammal,0.7760778069496155,1695.236328125,854.1214599609375,1840.2503662109375,1337.5050048828125,1767,1095
1203,9,marine mammal,0.6463913321495056,1705.1846923828125,843.2290649414062,1837.7281494140625,1335.0025634765625,1771,1089
1206,9,marine mammal,0.7751944065093994,1699.9306640625,841.6285400390625,1841.5634765625,1332.9766845703125,1770,1087
1209,9,marine mammal,0.8681676983833313,1703.4005126953125,837.0591430664062,1844.3909912109375,1347.5333251953125,1773,1092
1212,9,marine mammal,0.5920607447624207,1704.2091064453125,835.3562622070312,1854.7679443359375,1339.392333984375,1779,1087
1215,9,marine mammal,0.6590026021003723,1705.70654296875,834.8948364257812,1850.794921875,1347.7156982421875,1778,1091
1218,9,whale,0.49840283393859863,1710.6160888671875,830.7551879882812,1854.7398681640625,1343.3455810546875,1782,1087
1221,9,marine mammal,0.604822039604187,1710.458984375,833.3377075195312,1850.4925537109375,1349.314208984375,1780,1091
1224,9,marine mammal,0.4732896685600281,1709.7374267578125,832.537353515625,1858.623046875,1351.19580078125,1784,1091
1227,9,marine mammal,0.3883889615535736,1712.947998046875,834.1470336914062,1861.88671875,1347.0030517578125,1787,1090
1230,9,whale,0.2887999713420868,1713.3306884765625,839.6836547851562,1862.0584716796875,1327.36962890625,1787,1083
1233,9,marine mammal,0.36687612533569336,1708.7711181640625,837.6505737304688,1858.6348876953125,1351.7216796875,1783,1094
1236,9,marine mammal,0.5115595459938049,1711.7938232421875,835.20556640625,1856.561767578125,1366.9285888671875,1784,1101
1239,9,marine mammal,0.2751533091068268,1715.7535400390625,839.75048828125,1861.8511962890625,1357.4022216796875,1788,1098
1242,9,whale,0.6010775566101074,1718.2822265625,843.22705078125,1861.82666015625,1359.3123779296875,1790,1101
1245,9,marine mammal,0.4280925989151001,1711.2052001953125,846.9005126953125,1857.1845703125,1376.16650390625,1784,1111
1248,9,marine mammal,0.40169626474380493,1708.5308837890625,851.343017578125,1858.8546142578125,1375.98779296875,1783,1113
1251,9,marine mammal,0.44799089431762695,1711.7589111328125,855.5068359375,1865.2005615234375,1376.089599609375,1788,1115
1254,9,marine mammal,0.32758069038391113,1717.4915771484375,858.2517700195312,1868.6641845703125,1364.2294921875,1793,1111
1257,9,marine mammal,0.2489524483680725,1719.917724609375,854.1450805664062,1876.9222412109375,1378.493896484375,1798,1116
1260,9,marine mammal,0.33323192596435547,1718.59716796875,862.6263427734375,1865.943603515625,1391.2913818359375,1792,1126
1263,9,marine mammal,0.6405284404754639,1715.8646240234375,863.3594970703125,1866.0389404296875,1390.272216796875,1790,1126
1266,9,marine mammal,0.7773809432983398,1701.2901611328125,864.97265625,1871.1402587890625,1396.2689208984375,1786,1130
1272,9,whale,0.32498642802238464,1723.41943359375,876.506103515625,1867.0283203125,1389.0296630859375,1795,1132
1275,9,marine mammal,0.9048147201538086,1710.7357177734375,873.47900390625,1871.73046875,1404.24462890625,1791,1138
1278,9,marine mammal,0.8692209720611572,1713.2391357421875,882.0408325195312,1869.6771240234375,1408.7982177734375,1791,1145
1281,9,marine mammal,0.6817139387130737,1694.981689453125,887.623046875,1868.5748291015625,1405.086181640625,1781,1146
1284,9,marine mammal,0.42357301712036133,1700.22216796875,884.8273315429688,1885.4029541015625,1393.872802734375,1792,1139
1287,9,marine mammal,0.6460095643997192,1709.3521728515625,887.394287109375,1871.0687255859375,1396.9962158203125,1790,1142
1293,9,marine mammal,0.4614689350128174,1702.9595947265625,894.551513671875,1870.7655029296875,1412.74658203125,1786,1153
1296,9,whale,0.5868181586265564,1720.7205810546875,896.4542236328125,1863.910888671875,1430.17041015625,1792,1163
1299,9,marine mammal,0.8983243107795715,1721.08740234375,900.302490234375,1869.36328125,1445.4312744140625,1795,1172
1302,9,marine mammal,0.7429977655410767,1713.6785888671875,910.97119140625,1870.8753662109375,1444.59814453125,1792,1177
1305,9,marine mammal,0.650187075138092,1717.8680419921875,916.7545166015625,1876.1964111328125,1442.279052734375,1797,1179
1308,9,marine mammal,0.7039183378219604,1728.046875,915.54931640625,1876.9295654296875,1434.8995361328125,1802,1175
1311,9,marine mammal,0.3825898766517639,1730.7059326171875,924.3177490234375,1876.8262939453125,1440.900146484375,1803,1182
1317,9,marine mammal,0.7505281567573547,1728.38818359375,929.2474365234375,1883.86962890625,1437.156005859375,1806,1183
1320,9,marine mammal,0.4594683349132538,1728.780029296875,928.2301025390625,1892.42724609375,1416.66064453125,1810,1172
1323,9,marine mammal,0.5247107744216919,1730.7825927734375,927.68798828125,1892.037353515625,1376.1275634765625,1811,1151
1326,9,marine mammal,0.657633364200592,1727.1104736328125,922.6571044921875,1892.4488525390625,1406.72900390625,1809,1164
1329,9,marine mammal,0.6840052008628845,1744.3408203125,913.8406372070312,1900.5521240234375,1442.2022705078125,1822,1178
1335,9,marine mammal,0.8916107416152954,1747.587158203125,896.8721923828125,1900.718994140625,1386.8232421875,1824,1141
1338,9,marine mammal,0.7315694093704224,1752.73583984375,876.0997924804688,1901.5650634765625,1389.564453125,1827,1132
1341,9,marine mammal,0.8846144676208496,1749.1014404296875,869.9229125976562,1904.206787109375,1362.6717529296875,1826,1116
1344,9,marine mammal,0.8996834754943848,1745.31005859375,853.3829956054688,1909.222412109375,1378.868408203125,1827,1116
1347,9,marine mammal,0.5947517156600952,1757.0189208984375,845.635986328125,1911.3394775390625,1347.19775390625,1834,1096
1353,9,marine mammal,0.5359120965003967,1772.5546875,832.9348754882812,1920.547119140625,1312.8370361328125,1846,1072
1356,9,marine mammal,0.351152628660202,1769.9879150390625,832.1569213867188,1933.8680419921875,1336.3599853515625,1851,1084
1359,9,marine mammal,0.27751198410987854,1787.47998046875,820.9502563476562,1943.66748046875,1334.570556640625,1865,1077
1362,9,marine mammal,0.8300522565841675,1802.7777099609375,820.3765869140625,1950.1131591796875,1338.150146484375,1876,1079
1365,9,marine mammal,0.7704178690910339,1791.83642578125,830.6840209960938,1962.211669921875,1353.457763671875,1877,1092
1368,9,marine mammal,0.6851102113723755,1817.590576171875,833.8734741210938,1971.59765625,1363.369384765625,1894,1098
1371,9,marine mammal,0.7037782073020935,1827.6153564453125,840.1339111328125,1984.35400390625,1371.18994140625,1905,1105
1374,9,marine mammal,0.9165627956390381,1835.731689453125,852.9717407226562,1997.6998291015625,1378.542236328125,1916,1115
1377,9,marine mammal,0.7102229595184326,1859.50390625,865.2264404296875,2002.89892578125,1392.6866455078125,1931,1128
1380,9,marine mammal,0.7358189225196838,1866.2984619140625,885.4019165039062,2018.5111083984375,1411.9322509765625,1942,1148
1383,9,marine mammal,0.744256317615509,1880.6898193359375,901.2930908203125,2027.672607421875,1403.4090576171875,1954,1152
1386,9,marine mammal,0.7114438414573669,1893.732421875,915.0763549804688,2039.6748046875,1446.8775634765625,1966,1180
1389,9,marine mammal,0.7956165075302124,1903.0965576171875,931.8182373046875,2059.534912109375,1472.252197265625,1981,1202
1395,9,marine mammal,0.46496230363845825,1925.9012451171875,976.2152709960938,2081.12109375,1485.399658203125,2003,1230
1401,9,marine mammal,0.6674299240112305,1963.348388671875,1024.6322021484375,2110.195556640625,1552.8966064453125,2036,1288
1404,9,marine mammal,0.5096237659454346,1977.2025146484375,1048.37255859375,2123.8486328125,1575.2366943359375,2050,1311
1407,9,marine mammal,0.6483485102653503,1998.8924560546875,1075.7659912109375,2142.77001953125,1608.0762939453125,2070,1341
1410,9,marine mammal,0.3285803496837616,1999.2725830078125,1107.86865234375,2156.09716796875,1629.60498046875,2077,1368
1413,9,marine mammal,0.2372504621744156,2023.8260498046875,1129.953369140625,2170.763671875,1649.1280517578125,2097,1389
1416,9,marine mammal,0.5546391606330872,2047.6187744140625,1143.3348388671875,2185.91943359375,1667.2896728515625,2116,1405
1419,9,marine mammal,0.6580800414085388,2057.314697265625,1166.8553466796875,2194.538330078125,1688.3662109375,2125,1427
1422,9,marine mammal,0.5392711162567139,2066.866455078125,1176.29736328125,2199.201416015625,1704.526611328125,2133,1440
1425,9,marine mammal,0.5470709204673767,2072.13818359375,1181.1688232421875,2212.6318359375,1712.4034423828125,2142,1446
1428,9,marine mammal,0.6973465085029602,2078.237548828125,1180.98779296875,2221.925537109375,1712.9271240234375,2150,1446
1431,9,marine mammal,0.7208041548728943,2061.754638671875,1183.162353515625,2231.0546875,1708.3648681640625,2146,1445
1434,9,marine mammal,0.626953125,2076.85107421875,1176.52001953125,2240.2998046875,1703.9700927734375,2158,1440
1440,9,marine mammal,0.5341474413871765,2074.5087890625,1163.76904296875,2251.20849609375,1681.62158203125,2162,1422
1443,9,marine mammal,0.6631717681884766,2099.5654296875,1156.4818115234375,2252.176025390625,1659.7874755859375,2175,1408
1446,9,marine mammal,0.7836500406265259,2120.31591796875,1146.0374755859375,2264.9326171875,1669.623779296875,2192,1407
1449,9,marine mammal,0.8474346399307251,2096.520263671875,1138.0799560546875,2272.613525390625,1663.99072265625,2184,1401
1452,9,marine mammal,0.9105236530303955,2099.14013671875,1127.243408203125,2276.606201171875,1655.7850341796875,2187,1391
1455,9,marine mammal,0.8539999127388,2100.58544921875,1118.8502197265625,2285.50732421875,1646.85498046875,2193,1382
1458,9,marine mammal,0.7823435068130493,2108.026611328125,1104.296630859375,2287.1689453125,1631.220458984375,2197,1367
1461,9,marine mammal,0.9000467658042908,2124.82470703125,1088.677734375,2283.212890625,1618.22607421875,2204,1353
1464,9,marine mammal,0.8790776133537292,2121.382568359375,1081.8875732421875,2285.601806640625,1608.619384765625,2203,1345
1467,9,marine mammal,0.7007638812065125,2101.392578125,1068.3724365234375,2288.7724609375,1600.5648193359375,2195,1334
1470,9,marine mammal,0.7465161681175232,2107.96240234375,1054.583984375,2280.845947265625,1580.2247314453125,2194,1317
1473,9,marine mammal,0.7823620438575745,2128.828125,1040.8529052734375,2285.627197265625,1572.7373046875,2207,1306
1476,9,marine mammal,0.9227713346481323,2103.161865234375,1027.720458984375,2289.78515625,1560.6181640625,2196,1294
1479,9,marine mammal,0.9163612127304077,2108.1474609375,1016.3560180664062,2290.338134765625,1545.4808349609375,2199,1280
1482,9,marine mammal,0.8234899640083313,2107.1923828125,1000.8804931640625,2289.635009765625,1532.536376953125,2198,1266
1485,9,marine mammal,0.8034162521362305,2113.112060546875,986.231689453125,2290.844482421875,1521.7481689453125,2201,1253
1488,9,marine mammal,0.8744414448738098,2104.330810546875,974.139404296875,2290.34033203125,1507.103759765625,2197,1240
1491,9,marine mammal,0.8356961607933044,2107.9013671875,963.6939697265625,2288.931884765625,1490.8740234375,2198,1227
1494,9,marine mammal,0.6112630367279053,2112.126953125,946.4891967773438,2289.8798828125,1470.2821044921875,2201,1208
1497,9,marine mammal,0.8117386102676392,2107.3974609375,932.7261352539062,2290.161376953125,1458.4173583984375,2198,1195
1500,9,whale,0.49446961283683777,2115.01025390625,922.8719482421875,2265.900146484375,1395.9022216796875,2190,1159
1503,9,marine mammal,0.7737271785736084,2117.223876953125,910.6411743164062,2276.7197265625,1427.006591796875,2196,1168
1506,9,marine mammal,0.9408249855041504,2100.0625,892.5994262695312,2290.10986328125,1427.9158935546875,2195,1160
1509,9,marine mammal,0.927483856678009,2100.999755859375,882.2411499023438,2287.6650390625,1415.421875,2194,1148
1512,9,marine mammal,0.9203585386276245,2107.881103515625,866.6107177734375,2288.3125,1396.2392578125,2198,1131
1515,9,marine mammal,0.8746551871299744,2117.407470703125,849.495849609375,2291.3818359375,1384.271484375,2204,1116
1518,9,marine mammal,0.9288873672485352,2092.2216796875,837.1008911132812,2294.88427734375,1372.5224609375,2193,1104
1521,9,marine mammal,0.7430924773216248,2091.422119140625,828.7756958007812,2293.928466796875,1362.5511474609375,2192,1095
1524,9,marine mammal,0.8468395471572876,2093.425048828125,813.1470947265625,2290.760009765625,1346.7176513671875,2192,1079
1527,9,marine mammal,0.9136835336685181,2094.3095703125,800.6260986328125,2292.1494140625,1333.367431640625,2193,1066
1530,9,marine mammal,0.6522483825683594,2095.16455078125,787.2982177734375,2289.158203125,1320.04833984375,2192,1053
1533,9,marine mammal,0.72322678565979,2094.072509765625,774.8820190429688,2289.7587890625,1300.9337158203125,2191,1037
1539,9,whale,0.34559643268585205,2095.15576171875,748.6602783203125,2262.49951171875,1153.5948486328125,2178,951
1542,9,marine mammal,0.6267852187156677,2092.674560546875,736.207763671875,2289.2470703125,1264.09326171875,2190,1000
1545,9,marine mammal,0.5291134715080261,2090.452880859375,723.7203369140625,2297.048583984375,1253.0042724609375,2193,988
1548,9,marine mammal,0.6141180992126465,2092.365478515625,707.2190551757812,2287.793212890625,1236.530029296875,2190,971
1551,9,marine mammal,0.35181760787963867,2094.291748046875,696.9050903320312,2290.34765625,1222.6048583984375,2192,959
1554,9,whale,0.49133339524269104,2095.638671875,684.319091796875,2258.649169921875,1174.871826171875,2177,929
1557,9,marine mammal,0.670505702495575,2094.74951171875,667.0433349609375,2292.241943359375,1197.61865234375,2193,932
1560,9,marine mammal,0.41325029730796814,2095.330322265625,659.7141723632812,2296.164794921875,1190.778564453125,2195,925
1563,9,marine mammal,0.5528530478477478,2091.943115234375,643.641357421875,2301.42236328125,1173.3896484375,2196,908
1566,9,marine mammal,0.7681347727775574,2092.59765625,635.51806640625,2303.31103515625,1160.9769287109375,2197,898
1572,9,marine mammal,0.34914907813072205,2091.357421875,605.1618041992188,2388.623291015625,1140.7745361328125,2239,872
1596,9,marine mammal,0.44622838497161865,2087.572265625,502.1750793457031,2344.332275390625,1044.8311767578125,2215,773
1623,9,marine mammal,0.5532679557800293,2095.5390625,385.0960693359375,2304.6396484375,933.6265869140625,2200,659
1629,9,marine mammal,0.25370460748672485,2102.65576171875,373.377685546875,2326.824462890625,924.6375732421875,2214,649
1632,9,marine mammal,0.44196438789367676,2100.350830078125,364.8838806152344,2347.959228515625,923.3406982421875,2224,644
1635,9,marine mammal,0.30073535442352295,2099.36865234375,365.076416015625,2312.89111328125,917.5125732421875,2206,641
1638,9,whale,0.3172417879104614,2102.73486328125,362.47412109375,2308.589111328125,790.2105102539062,2205,576
1641,9,marine mammal,0.49137917160987854,2101.5908203125,364.66259765625,2310.87353515625,828.6727294921875,2206,596
1644,9,marine mammal,0.36373451352119446,2110.517578125,365.2210693359375,2311.102294921875,913.196044921875,2210,639
1650,9,whale,0.2807055115699768,2113.3505859375,369.76190185546875,2307.313720703125,844.4501953125,2210,607
1653,9,marine mammal,0.502994954586029,2107.1953125,374.5264892578125,2313.761962890625,939.4498901367188,2210,656
1656,9,marine mammal,0.5694601535797119,2109.717041015625,380.7583923339844,2312.259765625,907.3379516601562,2210,644
1659,9,whale,0.24424169957637787,2118.344970703125,388.9717712402344,2309.291748046875,921.9278564453125,2213,655
1662,9,marine mammal,0.35363438725471497,2117.377685546875,392.3841247558594,2314.800537109375,931.3779296875,2216,661
1665,9,whale,0.3037247657775879,2108.4677734375,404.96685791015625,2314.0791015625,945.4158325195312,2211,675
1668,9,whale,0.23391717672348022,2097.976318359375,421.2660827636719,2311.735107421875,955.8168334960938,2204,688
1671,9,marine mammal,0.4898967444896698,2087.404052734375,438.545654296875,2309.2470703125,976.6649780273438,2198,707
1674,9,marine mammal,0.3882444202899933,2063.5166015625,449.6734619140625,2310.093505859375,998.7346801757812,2186,724
1677,9,marine mammal,0.38034844398498535,2044.7362060546875,458.6635437011719,2310.245361328125,1022.1370849609375,2177,740
1683,9,marine mammal,0.2880777418613434,2087.875244140625,488.83575439453125,2316.4482421875,1061.1295166015625,2202,774
1692,9,marine mammal,0.2930052578449249,2083.628173828125,531.4984130859375,2314.35791015625,1120.2784423828125,2198,825
1707,9,marine mammal,0.37845414876937866,2096.5419921875,594.8973999023438,2293.8359375,1133.16357421875,2195,864
1710,9,marine mammal,0.3241892158985138,2095.311767578125,597.7009887695312,2297.198974609375,1118.04150390625,2196,857
1713,9,marine mammal,0.25370949506759644,2096.8505859375,590.5774536132812,2295.25634765625,1114.51123046875,2196,852
1725,9,marine mammal,0.37331607937812805,2094.17578125,584.7994995117188,2339.265869140625,1112.05810546875,2216,848
1818,10,marine mammal,0.4885307252407074,2018.5257568359375,947.9417724609375,2431.5244140625,1849.0689697265625,2225,1398
1845,11,marine mammal,0.7140580415725708,2034.3687744140625,953.1802368164062,2258.462646484375,1466.20654296875,2146,1209
1848,11,marine mammal,0.5499802827835083,2035.07958984375,947.0344848632812,2255.894775390625,1454.6192626953125,2145,1200
1851,11,marine mammal,0.44502967596054077,2031.8076171875,943.3963623046875,2255.930419921875,1458.202880859375,2143,1200
1854,11,marine mammal,0.5992755889892578,2027.512939453125,933.769775390625,2225.575927734375,1395.1146240234375,2126,1164
1857,11,marine mammal,0.4070601761341095,2025.267333984375,927.0796508789062,2241.479248046875,1405.5404052734375,2133,1166
1860,11,marine mammal,0.5746139287948608,2024.750244140625,922.6067504882812,2263.708740234375,1432.3880615234375,2144,1177
1863,11,marine mammal,0.5493631958961487,2017.5517578125,911.9741821289062,2263.38916015625,1423.0185546875,2140,1167
1866,11,marine mammal,0.563457727432251,2012.8096923828125,897.2230224609375,2215.279296875,1361.1650390625,2114,1129
1872,11,marine mammal,0.5905006527900696,2012.0101318359375,879.4998779296875,2270.554931640625,1386.716064453125,2141,1133
1875,11,marine mammal,0.5469720959663391,2008.7900390625,869.4102172851562,2266.1982421875,1381.2694091796875,2137,1125
1878,11,marine mammal,0.7683765888214111,2007.2281494140625,855.25927734375,2264.0283203125,1367.2518310546875,2135,1111
1881,11,marine mammal,0.7637687921524048,2000.7850341796875,845.5440673828125,2261.93505859375,1359.725830078125,2131,1102
1884,11,marine mammal,0.8708105683326721,1997.24169921875,831.364013671875,2262.809814453125,1352.187744140625,2130,1091
1887,11,marine mammal,0.7946841716766357,1992.7314453125,822.7728881835938,2263.846435546875,1337.901611328125,2128,1080
1890,11,marine mammal,0.6963169574737549,1988.706298828125,813.5553588867188,2261.400146484375,1323.4661865234375,2125,1068
1893,11,marine mammal,0.6551453471183777,1988.2679443359375,802.4359130859375,2261.198974609375,1312.2154541015625,2124,1057
1896,11,marine mammal,0.7313725352287292,1982.727294921875,788.77001953125,2259.51123046875,1294.472900390625,2121,1041
1899,11,marine mammal,0.6781367063522339,1979.227294921875,776.961181640625,2256.927978515625,1286.93603515625,2118,1031
1902,11,marine mammal,0.6482113003730774,1976.129638671875,767.9324340820312,2251.73193359375,1268.403564453125,2113,1018
1905,11,marine mammal,0.43100619316101074,1971.0289306640625,751.4410400390625,2251.487060546875,1255.2293701171875,2111,1003
1908,11,marine mammal,0.5905380249023438,1964.7725830078125,739.4208984375,2246.083984375,1240.742431640625,2105,990
1911,11,marine mammal,0.7568691372871399,1957.849365234375,729.6121215820312,2200.975341796875,1190.109130859375,2079,959
1914,11,marine mammal,0.7691516876220703,1957.3287353515625,720.3713989257812,2190.83935546875,1172.7896728515625,2074,946
1917,11,marine mammal,0.7274848818778992,1950.7490234375,705.9303588867188,2187.142578125,1165.4473876953125,2068,935
1920,11,marine mammal,0.2734595537185669,1948.1444091796875,693.4639282226562,2236.9931640625,1182.8031005859375,2092,938
1923,11,marine mammal,0.8347163796424866,1940.0467529296875,682.5106811523438,2230.9052734375,1183.6922607421875,2085,933
1926,11,marine mammal,0.9192496538162231,1935.8609619140625,673.4555053710938,2223.79638671875,1163.2083740234375,2079,918
1929,11,marine mammal,0.9048475027084351,1934.080078125,659.1370239257812,2227.78564453125,1157.2413330078125,2080,908
1932,11,marine mammal,0.5250931978225708,1928.7081298828125,649.3828735351562,2225.880859375,1148.2939453125,2077,898
1935,11,marine mammal,0.6906279921531677,1924.2572021484375,640.1526489257812,2214.321044921875,1121.2188720703125,2069,880
1938,11,marine mammal,0.9783293604850769,1922.2166748046875,626.9464721679688,2216.5849609375,1121.4898681640625,2069,874
1941,11,marine mammal,0.8646652698516846,1916.9154052734375,614.0390625,2207.99951171875,1093.4444580078125,2062,853
1944,11,marine mammal,0.9000088572502136,1910.76123046875,603.9356079101562,2197.477294921875,1079.1361083984375,2054,841
1947,11,marine mammal,0.9014458656311035,1904.045654296875,593.004638671875,2202.131103515625,1072.7479248046875,2053,832
1950,11,marine mammal,0.7635223865509033,1900.6336669921875,582.5480346679688,2202.0244140625,1059.783447265625,2051,821
1953,11,marine mammal,0.7908515334129333,1897.4146728515625,572.7090454101562,2207.973876953125,1051.88427734375,2052,812
1956,11,marine mammal,0.8738400936126709,1891.0740966796875,561.92724609375,2192.14404296875,1016.9820556640625,2041,789
1959,11,marine mammal,0.8704273700714111,1888.8519287109375,548.96728515625,2176.266357421875,1010.7633056640625,2032,779
1962,11,whale,0.5740114450454712,1881.4849853515625,541.9828491210938,2120.531005859375,956.9419555664062,2001,749
1965,11,marine mammal,0.5135717391967773,1875.15576171875,530.9470825195312,2114.966796875,930.5619506835938,1995,730
1968,11,marine mammal,0.9369942545890808,1869.109130859375,520.0806884765625,2117.637451171875,959.3717651367188,1993,739
1971,11,marine mammal,0.796658992767334,1865.8388671875,512.44140625,2134.5615234375,964.8243408203125,2000,738
1974,11,marine mammal,0.4423184394836426,1861.2093505859375,505.7615661621094,2106.141845703125,903.8115844726562,1983,704
1977,11,marine mammal,0.9458557367324829,1852.4970703125,497.97784423828125,2154.536865234375,966.6051635742188,2003,732
1986,11,marine mammal,0.47275763750076294,1840.8927001953125,453.72052001953125,2144.249267578125,931.7274780273438,1992,692
1989,11,marine mammal,0.6727834343910217,1838.66455078125,447.53338623046875,2140.80322265625,918.3482666015625,1989,682
1992,11,marine mammal,0.957312285900116,1835.3426513671875,432.87579345703125,2141.628173828125,912.5846557617188,1988,672
1995,11,marine mammal,0.610106885433197,1835.429443359375,418.52197265625,2140.286865234375,901.80615234375,1987,660
1998,11,marine mammal,0.40297752618789673,1833.0728759765625,404.63763427734375,2136.433837890625,890.8115844726562,1984,647
2001,11,marine mammal,0.3073980212211609,1832.9132080078125,392.03009033203125,2094.1474609375,823.0241088867188,1963,607
2013,11,marine mammal,0.4681684076786041,1815.327392578125,356.7862243652344,2098.5556640625,823.0308837890625,1956,589
2016,11,marine mammal,0.4444955587387085,1808.85107421875,356.05865478515625,2115.299560546875,853.6115112304688,1962,604
2019,11,marine mammal,0.7910155057907104,1803.421142578125,364.0291442871094,2105.6748046875,862.9491577148438,1954,613
2022,11,marine mammal,0.7519791722297668,1796.14306640625,372.4031982421875,2099.278564453125,867.42041015625,1947,619
2025,11,marine mammal,0.7504743337631226,1791.9576416015625,382.376953125,2090.059814453125,871.7056274414062,1941,627
2031,11,marine mammal,0.5412229895591736,1787.42724609375,400.92059326171875,2027.2529296875,850.7706298828125,1907,625
2034,11,whale,0.5544933080673218,1788.423095703125,409.3502197265625,2000.0223388671875,823.00927734375,1894,616
2037,11,marine mammal,0.812257707118988,1783.2125244140625,419.22802734375,2059.714111328125,911.6530151367188,1921,665
2040,11,marine mammal,0.5565363168716431,1780.226806640625,432.41180419921875,2055.895751953125,924.7457885742188,1918,678
2043,11,marine mammal,0.5764040946960449,1775.66015625,445.664794921875,2056.28564453125,943.631103515625,1915,694
2046,11,whale,0.4844503104686737,1776.435791015625,457.146240234375,1983.216796875,866.7416381835938,1879,661
2049,11,marine mammal,0.2803671360015869,1773.3486328125,464.2947692871094,1987.47802734375,888.3746337890625,1880,676
2052,11,whale,0.6360465288162231,1767.92431640625,474.736083984375,1990.0166015625,899.3657836914062,1878,687
2055,11,whale,0.6063065528869629,1769.72509765625,484.4817810058594,1994.9122314453125,942.208984375,1882,713
2058,11,marine mammal,0.7888779640197754,1768.817138671875,491.4700927734375,2005.13525390625,969.3279418945312,1886,730
2061,11,marine mammal,0.28805503249168396,1765.68310546875,499.3304443359375,1995.0985107421875,979.3919677734375,1880,739
2073,11,marine mammal,0.401451051235199,1760.126953125,535.7197265625,2028.804931640625,1038.15380859375,1894,786
2076,11,marine mammal,0.35261270403862,1761.8856201171875,546.353271484375,2029.53564453125,1047.2607421875,1895,796
2082,11,marine mammal,0.34216398000717163,1766.7374267578125,555.5943603515625,2023.3743896484375,1022.843994140625,1895,789
2085,11,marine mammal,0.6994134187698364,1763.573486328125,556.2127075195312,2033.4573974609375,1052.517822265625,1898,804
2088,11,marine mammal,0.5203482508659363,1761.2982177734375,551.3065185546875,2038.45361328125,1056.5791015625,1899,803
2091,11,marine mammal,0.3324155807495117,1756.54248046875,542.1112670898438,2037.829833984375,1040.4739990234375,1897,791
2094,11,marine mammal,0.45145779848098755,1762.894775390625,532.4811401367188,2039.89013671875,1044.1790771484375,1901,788
2097,11,marine mammal,0.25504493713378906,1780.1707763671875,519.2836303710938,2043.807861328125,1037.3079833984375,1911,778
2103,11,marine mammal,0.30693528056144714,1769.7550048828125,505.70965576171875,2041.5274658203125,988.5910034179688,1905,747
2112,11,marine mammal,0.30653393268585205,1776.24365234375,491.67132568359375,2033.4749755859375,997.4906616210938,1904,744
2115,11,marine mammal,0.49257808923721313,1774.2586669921875,490.8307189941406,2053.355712890625,1027.121337890625,1913,758
2118,11,marine mammal,0.8543266654014587,1770.49951171875,488.21697998046875,2021.54443359375,997.824462890625,1896,743
2121,11,marine mammal,0.7459424138069153,1759.0814208984375,481.6603088378906,2032.61279296875,1010.1841430664062,1895,745
2124,11,marine mammal,0.9301732182502747,1752.384521484375,483.4732360839844,2036.313720703125,1019.9844970703125,1894,751
2127,11,marine mammal,0.901357889175415,1746.2757568359375,476.0839538574219,2046.1182861328125,1029.21728515625,1896,752
2130,11,marine mammal,0.6958996057510376,1752.74462890625,472.1199645996094,2041.2811279296875,1036.919189453125,1897,754
2133,11,marine mammal,0.6822732090950012,1770.4658203125,470.106201171875,2048.77978515625,1043.1021728515625,1909,756
2136,11,marine mammal,0.5764080882072449,1774.559326171875,465.4978942871094,2042.089599609375,1037.052001953125,1908,751
2139,11,marine mammal,0.5798365473747253,1790.6502685546875,465.0792236328125,2040.069580078125,1041.2843017578125,1915,753
2142,11,marine mammal,0.422625869512558,1738.550537109375,452.88372802734375,2044.1685791015625,1056.7548828125,1891,754
2145,11,marine mammal,0.37345820665359497,1733.0859375,448.2917175292969,2055.597900390625,1051.7984619140625,1894,750
2148,11,marine mammal,0.6037550568580627,1768.393798828125,469.49945068359375,2044.34326171875,1030.7786865234375,1906,750
2151,11,marine mammal,0.353739470243454,1817.2215576171875,480.8316650390625,2008.4136962890625,1026.42626953125,1912,753
2289,12,marine mammal,0.46504178643226624,1864.846435546875,815.9996337890625,2013.558837890625,1267.9376220703125,1939,1041
2298,12,marine mammal,0.3509219288825989,1858.1240234375,848.6206665039062,2010.3568115234375,1304.2586669921875,1934,1076
2364,13,marine mammal,0.4824993312358856,1879.9344482421875,1097.9468994140625,2011.168701171875,1398.9891357421875,1945,1248
2367,13,marine mammal,0.4123293459415436,1881.0367431640625,1091.75537109375,2009.7001953125,1387.074951171875,1945,1239
2373,13,marine mammal,0.27994421124458313,1885.8109130859375,1070.8642578125,1993.8416748046875,1352.2384033203125,1939,1211
