frame,track_id,class_name,confidence,center_x,center_y,bbox_x1,bbox_y1,bbox_x2,bbox_y2
63,1,whale,0.44444021582603455,2204,897,2048.2,841.6,2361.3,953.8
66,1,marine mammal,0.6798507571220398,2189,899,2016.6,825.1,2361.7,975.8
72,1,marine mammal,0.7057511806488037,2125,883,1962.5,806.6,2289.5,960.8
75,1,whale,0.4854179322719574,2105,860,1936.8,799.7,2274.2,922.3
78,1,marine mammal,0.7760246396064758,2085,863,1905.4,778.2,2264.8,948.4
81,1,marine mammal,0.8282430768013,2056,841,1876.4,753.2,2236.0,929.5
84,1,marine mammal,0.7993923425674438,2026,815,1843.3,725.6,2210.4,903.7
87,1,marine mammal,0.8129531741142273,1999,787,1816.8,694.4,2182.1,880.0
90,1,marine mammal,0.5805610418319702,1982,770,1799.7,666.9,2164.9,875.4
99,1,marine mammal,0.8003221154212952,1925,757,1742.2,654.6,2109.1,860.2
102,1,marine mammal,0.8038750886917114,1907,749,1720.3,645.6,2094.7,853.8
105,1,whale,0.6444003582000732,1888,740,1700.4,641.3,2076.5,838.0
108,1,whale,0.5452914237976074,1871,727,1686.7,632.9,2055.6,822.5
111,1,whale,0.5387794375419617,1858,727,1671.4,623.0,2046.1,832.9
114,1,marine mammal,0.7093659043312073,1830,673,1640.9,560.9,2019.3,787.1
117,1,whale,0.5295112133026123,1793,584,1600.4,473.0,1986.5,696.5
120,1,whale,0.38155391812324524,1789,564,1596.8,453.1,1983.5,675.7
123,1,marine mammal,0.48480287194252014,1779,553,1585.4,439.3,1973.1,667.3
126,1,whale,0.6118065118789673,1772,541,1579.1,427.7,1965.4,656.3
129,1,whale,0.49796247482299805,1774,525,1581.6,409.1,1966.0,642.9
132,1,whale,0.6286661624908447,1773,512,1579.1,392.9,1966.7,630.4
135,1,whale,0.4373129904270172,1770,499,1579.8,383.4,1961.3,615.1
138,1,whale,0.4170984923839569,1769,489,1577.3,367.4,1961.4,611.4
141,1,whale,0.3929513394832611,1775,479,1584.9,358.1,1965.7,600.8
144,1,whale,0.3651050925254822,1774,467,1586.4,344.7,1963.0,589.9
147,1,whale,0.5187130570411682,1773,447,1585.5,326.7,1963.4,569.1
150,1,whale,0.2652435898780823,1772,440,1581.0,318.1,1964.0,561.4
153,1,whale,0.5022337436676025,1770,427,1581.1,304.5,1961.0,551.9
192,1,whale,0.3997683823108673,1769,415,1591.3,292.1,1946.7,539.5
195,1,whale,0.457764208316803,1767,414,1585.8,285.4,1949.1,543.4
201,1,whale,0.2606387734413147,1756,401,1577.3,273.7,1935.3,529.4
213,1,whale,0.353739470243454,1744,386,1566.0,252.2,1923.9,520.1
216,1,whale,0.42593494057655334,1742,379,1562.4,245.3,1922.6,513.0
219,1,whale,0.28798893094062805,1734,369,1557.7,236.0,1910.5,504.0
285,1,whale,0.3499797582626343,1639,309,1481.9,163.2,1797.3,457.0
288,1,whale,0.2944168150424957,1636,303,1474.4,152.0,1797.1,453.4
303,1,whale,0.3246329724788666,1622,254,1448.0,110.2,1796.9,399.0
309,1,whale,0.3660927414894104,1615,240,1433.1,97.7,1797.0,383.2
312,1,whale,0.4085037410259247,1615,234,1427.9,84.8,1803.3,383.5
315,1,whale,0.44582995772361755,1617,225,1423.3,75.5,1810.6,373.9
318,1,marine mammal,0.42028728127479553,1615,216,1417.0,63.7,1812.1,368.3
321,1,whale,0.4256828725337982,1612,212,1409.3,52.4,1817.1,371.7
324,1,whale,0.4623383581638336,1619,203,1404.9,42.3,1835.5,364.4
327,1,whale,0.32142212986946106,1606,192,1396.7,29.7,1816.2,354.7
330,1,whale,0.36442187428474426,1610,186,1391.6,17.9,1829.4,354.4
333,1,whale,0.5043145418167114,1603,178,1387.0,4.1,1819.3,353.8
336,1,whale,0.3411821722984314,1592,163,1382.1,-6.8,1801.2,333.0
339,1,whale,0.3724289834499359,1585,165,1407.0,27.6,1764.2,304.9
342,1,whale,0.326367050409317,1572,149,1393.2,4.7,1750.7,292.9
345,1,whale,0.5871168971061707,1575,145,1396.3,2.8,1754.4,287.9
348,1,whale,0.3329988718032837,1574,137,1388.5,-12.7,1762.1,287.0
351,1,whale,0.23406419157981873,1577,135,1392.5,-24.9,1762.4,295.1
354,1,whale,0.3999176323413849,1594,120,1404.4,-29.4,1784.0,270.7
357,1,whale,0.45009925961494446,1591,106,1406.2,-39.9,1776.5,253.7
360,1,whale,0.3812238276004791,1583,97,1391.9,-54.1,1774.1,250.6
363,1,whale,0.5147712230682373,1581,89,1382.1,-69.3,1779.9,249.8
366,1,whale,0.4965978264808655,1579,82,1371.9,-85.0,1787.1,248.9
369,1,marine mammal,0.6175660490989685,1577,74,1368.0,-97.1,1786.3,246.3
372,1,whale,0.5475422739982605,1577,68,1357.1,-113.2,1797.5,249.9
375,1,whale,0.2762452960014343,1574,64,1352.0,-124.9,1798.2,254.0
378,1,marine mammal,0.3150798976421356,1569,74,1337.9,-138.3,1801.5,286.1
381,1,marine mammal,0.6054204702377319,1542,61,1330.4,-151.2,1754.2,273.3
384,1,marine mammal,0.49111053347587585,1523,69,1319.2,-164.5,1726.7,301.8
387,1,marine mammal,0.3481891453266144,1530,54,1309.8,-183.7,1749.7,291.3
393,1,marine mammal,0.5234600901603699,1482,-60,1286.4,-212.6,1678.6,93.9
396,1,marine mammal,0.6440305709838867,1468,-77,1274.0,-230.0,1662.7,76.9
399,1,marine mammal,0.4899365305900574,1460,-83,1259.3,-241.1,1661.9,76.8
429,1,marine mammal,0.43073469400405884,1382,-159,1158.9,-342.1,1605.0,24.7
435,1,marine mammal,0.4611207842826843,1383,-173,1143.4,-372.1,1622.6,26.6
438,1,marine mammal,0.47248518466949463,1379,-186,1132.8,-390.9,1624.8,18.2
441,1,marine mammal,0.28916582465171814,1375,-184,1123.6,-403.9,1628.6,36.9
444,1,marine mammal,0.35545191168785095,1366,-178,1110.0,-411.3,1622.6,56.1
447,1,marine mammal,0.3843284249305725,1360,-193,1095.7,-425.2,1626.0,39.1
456,1,marine mammal,0.30294883251190186,1324,-235,1060.9,-468.0,1588.7,-1.2
459,1,marine mammal,0.2312023937702179,1311,-262,1049.4,-485.7,1572.4,-37.2
483,1,marine mammal,0.37901490926742554,1141,-400,901.6,-588.8,1381.1,-209.3
486,1,marine mammal,0.3885756731033325,1122,-414,876.7,-602.5,1366.9,-225.2
489,1,marine mammal,0.4896286129951477,1107,-422,861.2,-612.0,1354.0,-230.7
492,1,whale,0.34627267718315125,1086,-432,839.8,-623.9,1333.0,-238.9
495,1,marine mammal,0.42071905732154846,1081,-439,827.2,-634.0,1334.8,-242.0
498,1,marine mammal,0.6530815362930298,1060,-452,808.0,-641.6,1312.8,-260.7
501,1,marine mammal,0.5167331099510193,1048,-472,798.5,-656.1,1298.8,-286.8
504,1,marine mammal,0.7952032685279846,1028,-477,782.5,-661.5,1274.8,-291.3
507,1,marine mammal,0.8518894910812378,1009,-488,767.0,-669.4,1253.3,-306.7
510,1,marine mammal,0.8790023922920227,1007,-489,755.0,-673.6,1259.5,-303.4
513,1,marine mammal,0.9442116618156433,994,-504,745.1,-680.0,1243.1,-325.7
516,1,marine mammal,0.8973358869552612,981,-508,738.7,-683.2,1225.9,-331.6
519,1,whale,0.5746952295303345,969,-507,728.3,-687.7,1210.3,-324.1
522,1,marine mammal,0.5053113102912903,967,-502,719.8,-689.7,1215.0,-314.0
525,1,marine mammal,0.3122788369655609,950,-516,715.4,-692.7,1185.5,-336.9
528,1,marine mammal,0.4246179461479187,942,-520,708.5,-698.3,1176.7,-339.9
531,1,whale,0.3054654002189636,925,-533,701.7,-701.1,1148.1,-364.2
534,1,whale,0.43782514333724976,894,-562,691.1,-700.6,1097.5,-423.1
540,1,whale,0.46187707781791687,894,-547,666.6,-720.0,1122.8,-373.1
543,1,marine mammal,0.6806049942970276,882,-559,658.2,-730.5,1106.4,-385.9
546,1,marine mammal,0.8176316618919373,868,-571,645.5,-743.0,1090.2,-399.3
549,1,marine mammal,0.8493020534515381,853,-586,627.8,-753.4,1077.4,-416.7
552,1,marine mammal,0.7548781037330627,844,-593,620.2,-760.9,1069.4,-423.6
555,1,whale,0.6614792346954346,835,-603,608.5,-769.3,1061.6,-435.5
558,1,whale,0.43981313705444336,826,-611,600.6,-780.6,1053.5,-439.7
561,1,whale,0.274017333984375,809,-624,580.8,-794.5,1037.9,-452.8
564,1,whale,0.3607194721698761,795,-636,564.8,-806.7,1025.4,-463.4
567,1,whale,0.40733522176742554,783,-646,550.9,-821.3,1015.4,-470.3
570,1,marine mammal,0.32746434211730957,777,-655,544.8,-831.6,1010.2,-478.8
573,1,marine mammal,0.38866448402404785,770,-663,533.3,-840.4,1007.6,-484.1
576,1,marine mammal,0.743811309337616,761,-673,524.5,-851.9,997.5,-493.7
579,1,whale,0.6074380874633789,750,-684,513.0,-863.0,987.7,-504.4
582,1,marine mammal,0.6356390714645386,738,-697,500.7,-874.9,975.9,-517.2
585,1,marine mammal,0.7143529653549194,728,-703,488.9,-884.9,968.1,-520.4
588,1,marine mammal,0.40171781182289124,721,-715,481.4,-898.8,960.4,-529.9
591,1,marine mammal,0.806810736656189,708,-725,469.4,-910.6,949.2,-538.6
594,1,marine mammal,0.852171003818512,694,-747,454.7,-923.4,933.9,-569.7
597,1,marine mammal,0.5155375003814697,679,-758,438.5,-936.6,921.0,-578.0
600,1,marine mammal,0.4551558196544647,657,-778,422.9,-954.5,892.5,-600.7
603,1,marine mammal,0.34579357504844666,628,-809,418.6,-960.5,838.1,-655.6
606,1,whale,0.5247516632080078,614,-818,407.0,-974.1,822.2,-661.5
609,1,whale,0.5885697603225708,614,-826,404.5,-977.1,824.3,-672.6
612,1,marine mammal,0.825394868850708,628,-822,406.8,-988.1,848.9,-653.4
615,1,whale,0.5863547325134277,606,-852,399.0,-999.2,815.4,-703.5
618,1,marine mammal,0.532073974609375,593,-846,383.4,-1008.0,802.6,-682.3
621,1,marine mammal,0.7355548143386841,591,-848,369.6,-1016.2,812.1,-679.3
624,1,marine mammal,0.7035051584243774,579,-873,356.8,-1028.8,801.6,-715.4
627,1,whale,0.3280711770057678,572,-883,347.6,-1034.4,796.4,-731.1
630,1,whale,0.6088799834251404,564,-873,340.2,-1042.4,788.0,-702.5
633,1,marine mammal,0.9136838316917419,550,-881,330.7,-1051.4,770.2,-709.8
636,1,marine mammal,0.7927296161651611,539,-889,315.5,-1059.6,762.1,-718.5
639,1,marine mammal,0.7695429921150208,524,-899,298.6,-1072.6,750.2,-725.2
642,1,marine mammal,0.3825864791870117,512,-904,286.4,-1077.1,737.8,-730.9
645,1,marine mammal,0.6206263303756714,504,-916,275.7,-1089.2,731.7,-740.5
648,1,marine mammal,0.72314453125,496,-921,265.4,-1096.9,727.5,-743.6
651,1,whale,0.4585326910018921,484,-929,252.2,-1104.5,716.0,-752.7
654,1,marine mammal,0.48343217372894287,474,-940,243.2,-1115.3,704.8,-763.7
657,1,marine mammal,0.6787095069885254,466,-946,234.3,-1121.7,699.7,-768.8
660,1,marine mammal,0.41555675864219666,461,-954,228.2,-1128.3,694.6,-779.4
663,1,marine mammal,0.7072785496711731,456,-963,221.1,-1138.9,691.8,-787.5
666,1,marine mammal,0.8506991267204285,450,-973,217.5,-1146.4,683.8,-800.2
669,1,marine mammal,0.7754117250442505,442,-982,207.5,-1153.5,676.4,-809.4
672,1,marine mammal,0.7938476800918579,430,-985,196.8,-1160.3,664.4,-808.3
675,1,marine mammal,0.766644299030304,420,-997,184.4,-1168.9,656.0,-824.6
678,1,marine mammal,0.8155666589736938,413,-1003,174.0,-1176.4,652.6,-829.9
681,1,marine mammal,0.7117045521736145,400,-1016,164.7,-1186.3,636.5,-844.6
684,1,marine mammal,0.8116509318351746,392,-1033,157.9,-1194.4,626.5,-869.2
687,1,marine mammal,0.8364556431770325,384,-1045,147.2,-1203.4,621.1,-885.3
690,1,marine mammal,0.6170908808708191,362,-1042,136.1,-1214.1,588.6,-869.9
693,1,marine mammal,0.8566179871559143,348,-1072,133.4,-1221.3,562.9,-920.1
696,1,marine mammal,0.7913638353347778,359,-1078,123.4,-1229.2,596.2,-925.4
699,1,marine mammal,0.818498432636261,343,-1086,107.9,-1242.6,579.1,-928.9
702,1,marine mammal,0.8280678987503052,332,-1078,100.2,-1250.9,563.5,-904.4
705,1,marine mammal,0.8569549918174744,318,-1092,89.7,-1259.8,546.4,-923.4
708,1,marine mammal,0.6076001524925232,306,-1104,81.8,-1263.4,531.3,-944.6
711,1,marine mammal,0.5220755934715271,299,-1115,71.1,-1272.0,527.8,-956.6
714,1,marine mammal,0.6384891271591187,291,-1117,65.7,-1279.7,517.1,-952.9
717,1,marine mammal,0.3985920548439026,283,-1127,52.9,-1289.0,512.8,-963.7
720,1,marine mammal,0.6641411185264587,269,-1130,39.2,-1297.3,500.1,-961.6
723,1,marine mammal,0.7301754951477051,267,-1146,34.3,-1303.6,502.2,-987.5
726,1,marine mammal,0.8106003403663635,258,-1140,26.4,-1311.5,490.1,-968.4
729,1,marine mammal,0.9008212685585022,251,-1149,19.3,-1318.1,483.7,-978.2
732,1,marine mammal,0.7736326456069946,243,-1157,7.0,-1327.5,480.8,-985.2
735,1,marine mammal,0.8067662715911865,236,-1162,2.6,-1335.5,469.5,-988.2
738,1,marine mammal,0.7456580400466919,226,-1168,-3.5,-1339.2,456.7,-994.9
741,1,marine mammal,0.6807876229286194,213,-1175,-18.6,-1344.2,446.0,-1004.9
744,1,marine mammal,0.7706567049026489,208,-1180,-26.3,-1351.7,442.6,-1008.9
747,1,marine mammal,0.6208845376968384,198,-1190,-34.2,-1358.1,431.2,-1021.7
750,1,marine mammal,0.533807098865509,186,-1199,-52.2,-1369.6,425.3,-1027.3
753,1,marine mammal,0.5347204804420471,180,-1203,-55.8,-1373.2,418.1,-1032.1
756,1,marine mammal,0.5770068764686584,170,-1202,-69.0,-1380.6,409.0,-1022.1
759,1,marine mammal,0.5608744621276855,157,-1214,-80.0,-1383.8,394.5,-1042.6
762,1,marine mammal,0.7385703921318054,142,-1226,-88.0,-1391.6,371.7,-1058.1
765,1,marine mammal,0.8371103405952454,140,-1223,-95.2,-1393.5,376.9,-1051.7
768,1,marine mammal,0.6604360938072205,138,-1232,-102.2,-1400.9,378.0,-1062.0
771,1,marine mammal,0.587443470954895,129,-1241,-104.9,-1403.8,363.1,-1076.0
774,1,marine mammal,0.8860265612602234,124,-1242,-113.2,-1411.1,362.7,-1071.4
777,1,marine mammal,0.7855472564697266,125,-1243,-121.3,-1415.8,373.1,-1069.5
780,1,whale,0.3015405833721161,112,-1254,-125.9,-1420.7,351.3,-1086.4
789,1,marine mammal,0.34148961305618286,98,-1282,-138.2,-1440.7,335.4,-1121.9
792,1,marine mammal,0.4041580855846405,83,-1289,-147.9,-1444.1,315.8,-1131.3
795,1,marine mammal,0.40400397777557373,72,-1299,-156.3,-1450.3,301.1,-1146.9
801,1,whale,0.2660945951938629,67,-1297,-168.7,-1460.8,303.7,-1133.8
807,1,whale,0.5882556438446045,59,-1330,-178.4,-1476.5,298.7,-1182.9
810,1,whale,0.401685506105423,50,-1323,-191.7,-1476.3,292.6,-1168.5
813,1,whale,0.704727828502655,31,-1339,-190.3,-1486.6,253.6,-1190.5
816,1,whale,0.7325769066810608,16,-1344,-200.8,-1490.4,234.7,-1196.7
819,1,whale,0.7348818778991699,36,-1348,-201.2,-1498.7,274.4,-1196.9
822,1,marine mammal,0.5853157639503479,29,-1354,-205.2,-1504.3,263.4,-1202.9
825,1,marine mammal,0.5477924942970276,28,-1358,-207.4,-1510.8,264.7,-1204.3
828,1,marine mammal,0.6276131272315979,21,-1358,-216.7,-1515.6,259.7,-1197.9
831,1,whale,0.3999892473220825,-2,-1378,-222.6,-1522.0,220.2,-1231.6
834,1,whale,0.4630257189273834,-8,-1397,-217.9,-1531.9,203.0,-1262.4
837,1,whale,0.6720015406608582,2,-1390,-227.9,-1537.7,232.0,-1239.9
843,1,whale,0.5557311773300171,-11,-1396,-240.8,-1549.9,219.9,-1239.5
846,1,marine mammal,0.6625668406486511,-9,-1391,-244.7,-1557.5,226.8,-1222.8
849,1,whale,0.5147380828857422,-21,-1408,-247.8,-1566.0,205.0,-1250.9
852,1,whale,0.3468959629535675,-11,-1411,-250.8,-1574.0,230.1,-1246.4
855,1,marine mammal,0.386386901140213,-13,-1422,-253.7,-1580.2,228.0,-1263.7
858,1,whale,0.6263404488563538,-17,-1429,-259.1,-1589.0,226.9,-1267.4
861,1,whale,0.6725524663925171,-15,-1430,-255.2,-1595.9,226.2,-1264.0
864,1,marine mammal,0.6627225279808044,-18,-1444,-258.1,-1606.0,222.6,-1282.4
867,1,whale,0.6467559337615967,-19,-1447,-262.1,-1611.6,225.0,-1280.6
870,1,whale,0.38502052426338196,-25,-1456,-268.9,-1621.7,220.0,-1289.5
873,1,whale,0.41444283723831177,-29,-1467,-270.2,-1630.0,214.0,-1303.1
876,1,whale,0.5689073204994202,-31,-1474,-277.6,-1638.0,216.9,-1308.9
879,1,whale,0.3745098114013672,-39,-1479,-280.7,-1645.1,204.7,-1312.2
936,1,whale,0.42081478238105774,-125,-1544,-308.2,-1677.8,59.0,-1410.1
939,1,whale,0.2928510010242462,-118,-1543,-313.2,-1683.0,77.6,-1403.0
942,1,whale,0.4601024389266968,-123,-1548,-316.7,-1691.4,73.2,-1402.6
948,1,whale,0.3493708074092865,-89,-1538,-321.7,-1706.5,144.0,-1368.7
951,1,whale,0.653305172920227,-107,-1559,-328.6,-1711.6,115.0,-1404.7
954,1,whale,0.5059787631034851,-103,-1557,-336.9,-1722.0,132.8,-1392.2
957,1,whale,0.5961668491363525,-111,-1562,-346.4,-1729.5,126.4,-1393.9
960,1,whale,0.31012460589408875,-118,-1573,-355.0,-1743.3,120.1,-1402.8
963,1,whale,0.6349923610687256,-122,-1591,-360.7,-1762.8,119.0,-1416.8
966,1,whale,0.3969981074333191,-126,-1599,-367.5,-1777.0,114.7,-1420.5
969,1,marine mammal,0.688474178314209,-136,-1602,-380.7,-1778.7,109.1,-1424.0
972,1,whale,0.6480296850204468,-136,-1608,-384.8,-1787.9,114.0,-1427.7
975,1,whale,0.761722207069397,-140,-1609,-391.6,-1783.4,112.9,-1433.9
978,1,whale,0.5524729490280151,-137,-1610,-391.6,-1787.6,118.6,-1432.5
981,1,whale,0.6152862906455994,-149,-1624,-408.4,-1811.1,110.4,-1436.5
984,1,whale,0.5734710097312927,-146,-1629,-409.1,-1819.1,117.4,-1438.5
987,1,whale,0.47638651728630066,-149,-1631,-406.3,-1821.3,109.0,-1440.8
990,1,whale,0.650130033493042,-153,-1633,-415.4,-1812.7,109.9,-1451.6
993,1,whale,0.5356172323226929,-163,-1639,-424.2,-1829.0,99.8,-1448.5
996,1,whale,0.2229842096567154,-170,-1657,-433.2,-1855.8,94.5,-1457.5
999,1,whale,0.43540868163108826,-176,-1665,-441.7,-1865.6,92.1,-1463.1
1005,1,whale,0.3472045958042145,-173,-1645,-419.2,-1837.4,74.0,-1451.1
1008,1,whale,0.39782169461250305,-189,-1646,-432.5,-1853.3,55.1,-1438.9
1011,1,marine mammal,0.4848407506942749,-212,-1659,-430.0,-1851.7,6.0,-1465.0
1014,1,whale,0.4694001078605652,-197,-1677,-428.8,-1859.2,35.5,-1492.9
1017,1,whale,0.49787428975105286,-200,-1675,-439.6,-1866.0,41.4,-1482.1
1023,1,whale,0.27547886967658997,-208,-1680,-440.8,-1879.0,25.8,-1480.4
1026,1,whale,0.2785405218601227,-211,-1683,-449.0,-1882.3,28.3,-1483.2
1029,1,marine mammal,0.23261812329292297,-212,-1694,-454.0,-1883.4,31.1,-1502.9
1032,1,whale,0.3332868218421936,-206,-1701,-456.4,-1892.1,44.3,-1507.9
1038,1,whale,0.31356775760650635,-219,-1727,-465.1,-1911.9,29.6,-1541.2
1041,1,whale,0.2852995991706848,-211,-1730,-476.2,-1922.9,54.6,-1537.3
1068,1,whale,0.346077561378479,-257,-1784,-574.0,-2003.2,61.4,-1562.2
1176,1,marine mammal,0.4002339541912079,-254,-2451,-328.7,-2699.9,-178.4,-2201.9
1179,1,whale,0.2606852650642395,-256,-2503,-326.8,-2713.3,-182.9,-2290.7
1182,1,whale,0.48665672540664673,-258,-2465,-332.9,-2727.3,-182.9,-2202.4
1185,1,whale,0.2666102349758148,-255,-2500,-332.0,-2740.2,-177.7,-2258.3
1188,1,marine mammal,0.35054728388786316,-257,-2519,-327.4,-2754.8,-185.9,-2281.1
1191,1,marine mammal,0.5803278684616089,-254,-2524,-324.2,-2773.9,-182.3,-2272.7
1197,1,marine mammal,0.7760778069496155,-256,-2560,-327.6,-2801.3,-182.6,-2318.0
1203,1,marine mammal,0.6463913321495056,-260,-2590,-325.5,-2836.0,-192.9,-2344.2
1206,1,marine mammal,0.7751944065093994,-264,-2605,-334.1,-2850.0,-192.5,-2358.7
1209,1,marine mammal,0.8681676983833313,-264,-2613,-333.7,-2868.4,-192.8,-2357.9
1212,1,marine mammal,0.5920607447624207,-261,-2633,-335.6,-2885.0,-185.0,-2380.9
1215,1,marine mammal,0.6590026021003723,-264,-2645,-336.8,-2901.0,-191.7,-2388.2
1218,1,whale,0.49840283393859863,-263,-2666,-334.1,-2921.8,-190.0,-2409.2
1221,1,marine mammal,0.604822039604187,-267,-2679,-336.7,-2936.5,-196.6,-2420.6
1224,1,marine mammal,0.4732896685600281,-265,-2697,-339.2,-2955.6,-190.3,-2436.9
1227,1,marine mammal,0.3883889615535736,-264,-2717,-337.6,-2972.7,-188.7,-2459.8
1230,1,whale,0.2887999713420868,-265,-2743,-338.4,-2986.1,-189.7,-2498.4
1233,1,marine mammal,0.36687612533569336,-270,-2751,-344.2,-3007.7,-194.3,-2493.6
1236,1,marine mammal,0.5115595459938049,-270,-2763,-342.4,-3028.6,-197.6,-2496.9
1239,1,marine mammal,0.2751533091068268,-267,-2785,-339.0,-3043.7,-192.9,-2526.0
1242,1,whale,0.6010775566101074,-265,-2802,-336.9,-3059.9,-193.3,-2543.8
1245,1,marine mammal,0.4280925989151001,-268,-2806,-340.9,-3070.5,-194.9,-2541.2
1248,1,marine mammal,0.40169626474380493,-268,-2815,-342.2,-3076.7,-191.9,-2552.0
1251,1,marine mammal,0.44799089431762695,-260,-2831,-336.1,-3090.8,-182.7,-2570.2
1254,1,marine mammal,0.32758069038391113,-250,-2854,-325.4,-3107.0,-174.2,-2601.0
1257,1,marine mammal,0.2489524483680725,-241,-2862,-319.1,-3123.7,-162.1,-2599.4
1260,1,marine mammal,0.33323192596435547,-244,-2865,-317.3,-3128.2,-170.0,-2599.5
1263,1,marine mammal,0.6405284404754639,-242,-2874,-316.0,-3137.0,-165.8,-2610.1
1266,1,marine mammal,0.7773809432983398,-242,-2883,-326.8,-3147.8,-157.0,-2616.5
1272,1,whale,0.32498642802238464,-226,-2903,-297.9,-3158.8,-154.3,-2646.3
1275,1,marine mammal,0.9048147201538086,-227,-2909,-306.9,-3173.4,-145.9,-2642.7
1278,1,marine mammal,0.8692209720611572,-224,-2915,-301.3,-3178.1,-144.8,-2651.3
1281,1,marine mammal,0.6817139387130737,-230,-2927,-315.5,-3185.3,-141.9,-2667.8
1284,1,marine mammal,0.42357301712036133,-216,-2947,-307.5,-3201.6,-122.3,-2692.6
1287,1,marine mammal,0.6460095643997192,-214,-2958,-295.0,-3213.1,-133.3,-2703.5
1293,1,marine mammal,0.4614689350128174,-211,-2976,-294.1,-3234.6,-126.3,-2716.4
1296,1,whale,0.5868181586265564,-201,-2981,-271.9,-3247.1,-128.7,-2713.4
1299,1,marine mammal,0.8983243107795715,-193,-2987,-267.1,-3258.4,-118.9,-2713.3
1302,1,marine mammal,0.7429977655410767,-192,-2995,-270.5,-3261.5,-113.3,-2727.8
1305,1,marine mammal,0.650187075138092,-183,-3006,-262.6,-3268.7,-104.3,-2743.2
1308,1,marine mammal,0.7039183378219604,-176,-3025,-249.8,-3284.3,-100.9,-2764.9
1311,1,marine mammal,0.3825898766517639,-173,-3030,-245.3,-3288.1,-99.2,-2771.5
1317,1,marine mammal,0.7505281567573547,-169,-3053,-246.5,-3306.8,-91.1,-2798.9
1320,1,marine mammal,0.4594683349132538,-164,-3073,-245.4,-3316.3,-81.8,-2827.8
1323,1,marine mammal,0.5247107744216919,-162,-3099,-242.1,-3322.3,-80.9,-2873.9
1326,1,marine mammal,0.657633364200592,-162,-3089,-244.3,-3330.6,-78.9,-2846.5
1329,1,marine mammal,0.6840052008628845,-148,-3077,-225.8,-3341.6,-69.6,-2813.2
1335,1,marine mammal,0.8916107416152954,-143,-3116,-219.0,-3360.1,-65.9,-2870.1
1338,1,marine mammal,0.7315694093704224,-137,-3125,-211.3,-3380.6,-62.4,-2867.1
1341,1,marine mammal,0.8846144676208496,-136,-3139,-212.6,-3385.3,-57.5,-2892.6
1344,1,marine mammal,0.8996834754943848,-133,-3137,-214.9,-3399.9,-51.0,-2874.5
1347,1,marine mammal,0.5947517156600952,-126,-3157,-203.4,-3407.6,-49.1,-2906.0
1353,1,marine mammal,0.5359120965003967,-117,-3183,-190.3,-3421.8,-42.3,-2941.8
1356,1,marine mammal,0.351152628660202,-116,-3173,-196.6,-3424.6,-32.7,-2920.4
1359,1,marine mammal,0.27751198410987854,-107,-3187,-184.2,-3442.6,-28.0,-2929.0
1362,1,marine mammal,0.8300522565841675,-101,-3195,-173.8,-3453.7,-26.5,-2935.9
1365,1,marine mammal,0.7704178690910339,-105,-3195,-190.0,-3456.7,-19.6,-2933.9
1368,1,marine mammal,0.6851102113723755,-94,-3205,-170.3,-3469.5,-16.3,-2940.0
1371,1,marine mammal,0.7037782073020935,-89,-3216,-166.7,-3480.4,-10.0,-2949.3
1374,1,marine mammal,0.9165627956390381,-83,-3220,-163.6,-3481.8,-1.6,-2956.2
1377,1,marine mammal,0.7102229595184326,-74,-3226,-146.0,-3489.2,-2.6,-2961.8
1380,1,marine mammal,0.7358189225196838,-70,-3224,-145.3,-3486.6,6.9,-2960.0
1383,1,marine mammal,0.744256317615509,-64,-3243,-137.6,-3493.2,9.4,-2991.1
1386,1,marine mammal,0.7114438414573669,-60,-3240,-132.3,-3504.6,13.6,-2972.8
1389,1,marine mammal,0.7956165075302124,-52,-3243,-130.1,-3513.5,26.3,-2973.0
1395,1,marine mammal,0.46496230363845825,-44,-3269,-121.2,-3522.5,34.1,-3013.4
1401,1,marine mammal,0.6674299240112305,-29,-3269,-101.3,-3532.1,45.6,-3003.8
1404,1,marine mammal,0.5096237659454346,-24,-3277,-96.4,-3539.4,50.3,-3012.5
1407,1,marine mammal,0.6483485102653503,-12,-3275,-82.7,-3540.2,61.2,-3007.9
1410,1,marine mammal,0.3285803496837616,-14,-3280,-91.4,-3540.0,65.4,-3018.2
1413,1,marine mammal,0.2372504621744156,-1,-3286,-74.3,-3545.2,72.6,-3026.1
1416,1,marine mammal,0.5546391606330872,12,-3291,-56.2,-3553.1,82.1,-3029.2
1419,1,marine mammal,0.6580800414085388,17,-3290,-51.0,-3550.1,86.2,-3028.6
1422,1,marine mammal,0.5392711162567139,22,-3292,-44.6,-3556.1,87.8,-3027.8
1425,1,marine mammal,0.5470709204673767,28,-3298,-42.1,-3562.9,98.4,-3031.6
1428,1,marine mammal,0.6973465085029602,33,-3304,-38.5,-3569.4,105.2,-3037.5
1431,1,marine mammal,0.7208041548728943,28,-3310,-56.3,-3572.3,113.0,-3047.1
1434,1,marine mammal,0.626953125,38,-3319,-42.8,-3582.1,120.6,-3054.6
1440,1,marine mammal,0.5341474413871765,39,-3340,-48.7,-3598.2,128.0,-3080.4
1443,1,marine mammal,0.6631717681884766,49,-3356,-26.5,-3607.6,126.1,-3104.3
1446,1,marine mammal,0.7836500406265259,65,-3359,-7.0,-3619.6,137.6,-3096.0
1449,1,marine mammal,0.8474346399307251,58,-3362,-29.9,-3625.3,146.1,-3099.4
1452,1,marine mammal,0.9105236530303955,62,-3372,-26.1,-3635.6,151.4,-3107.0
1455,1,marine mammal,0.8539999127388,69,-3381,-23.5,-3643.9,161.5,-3115.9
1458,1,marine mammal,0.7823435068130493,75,-3394,-13.9,-3656.7,165.3,-3129.8
1461,1,marine mammal,0.9000467658042908,85,-3408,5.9,-3672.4,164.3,-3142.9
1464,1,marine mammal,0.8790776133537292,87,-3415,5.2,-3678.5,169.4,-3151.7
1467,1,marine mammal,0.7007638812065125,81,-3426,-12.2,-3691.7,175.2,-3159.5
1470,1,marine mammal,0.7465161681175232,84,-3442,-2.4,-3703.9,170.4,-3178.3
1473,1,marine mammal,0.7823620438575745,100,-3451,21.6,-3715.8,178.4,-3183.9
1476,1,marine mammal,0.9227713346481323,92,-3461,-0.6,-3727.4,186.0,-3194.5
1479,1,marine mammal,0.9163612127304077,98,-3474,7.2,-3737.4,189.4,-3208.3
1482,1,marine mammal,0.8234899640083313,100,-3487,8.7,-3752.4,191.2,-3220.7
1485,1,marine mammal,0.8034162521362305,105,-3499,17.4,-3765.6,195.2,-3230.1
1488,1,marine mammal,0.8744414448738098,104,-3510,11.6,-3775.8,197.6,-3242.8
1491,1,marine mammal,0.8356961607933044,108,-3521,17.9,-3784.0,199.0,-3256.8
1494,1,marine mammal,0.6112630367279053,114,-3536,25.5,-3797.8,203.3,-3274.0
1497,1,marine mammal,0.8117386102676392,115,-3547,24.5,-3808.9,207.3,-3283.2
1500,1,whale,0.49446961283683777,110,-3582,35.4,-3817.7,186.3,-3344.7
1503,1,marine mammal,0.7737271785736084,120,-3571,40.8,-3827.9,200.3,-3311.5
1506,1,marine mammal,0.9408249855041504,122,-3577,27.0,-3844.1,217.0,-3308.7
1509,1,marine mammal,0.927483856678009,124,-3586,30.9,-3851.8,217.6,-3318.6
1512,1,marine mammal,0.9203585386276245,131,-3599,41.2,-3863.1,221.6,-3333.5
1515,1,marine mammal,0.8746551871299744,140,-3611,53.5,-3877.8,227.5,-3343.1
1518,1,marine mammal,0.9288873672485352,132,-3622,31.7,-3888.6,234.3,-3353.2
1521,1,marine mammal,0.7430924773216248,135,-3627,34.5,-3893.3,237.0,-3359.5
1524,1,marine mammal,0.8468395471572876,139,-3638,40.9,-3903.7,238.2,-3370.1
1527,1,marine mammal,0.9136835336685181,144,-3649,44.9,-3914.1,242.8,-3381.3
1530,1,marine mammal,0.6522483825683594,146,-3659,49.0,-3924.3,243.0,-3391.6
1533,1,marine mammal,0.72322678565979,148,-3673,51.6,-3934.7,247.2,-3408.7
1539,1,whale,0.34559643268585205,142,-3752,58.8,-3954.8,226.1,-3549.9
1542,1,marine mammal,0.6267852187156677,157,-3701,59.8,-3964.7,256.4,-3436.8
1545,1,marine mammal,0.5291134715080261,163,-3711,60.8,-3975.1,267.4,-3445.8
1548,1,marine mammal,0.6141180992126465,163,-3724,65.4,-3987.5,260.8,-3458.2
1551,1,marine mammal,0.35181760787963867,167,-3732,69.6,-3993.9,265.6,-3468.2
1554,1,whale,0.49133339524269104,156,-3760,74.5,-4005.0,237.5,-3514.4
1557,1,marine mammal,0.670505702495575,175,-3755,76.6,-4019.9,274.1,-3489.3
1560,1,marine mammal,0.41325029730796814,180,-3759,79.9,-4024.3,280.7,-3493.2
1563,1,marine mammal,0.5528530478477478,183,-3773,79.3,-4037.3,288.7,-3507.5
1566,1,marine mammal,0.7681347727775574,188,-3781,83.4,-4043.2,294.2,-3517.8
1572,1,marine mammal,0.34914907813072205,236,-3803,88.4,-4069.4,385.7,-3533.8
1596,1,marine mammal,0.44622838497161865,217,-3836,89.3,-4106.7,346.0,-3564.0
1623,1,marine mammal,0.5532679557800293,204,-3866,99.9,-4140.1,309.0,-3591.6
1629,1,marine mammal,0.25370460748672485,225,-3877,113.2,-4152.5,337.4,-3601.2
1632,1,marine mammal,0.44196438789367676,239,-3885,115.8,-4164.2,363.5,-3605.7
1635,1,marine mammal,0.30073535442352295,226,-3893,119.2,-4169.0,332.8,-3616.5
1638,1,whale,0.3172417879104614,229,-3965,126.6,-4178.1,332.5,-3750.4
1641,1,marine mammal,0.49137917160987854,235,-3953,130.5,-4183.9,339.8,-3719.9
1644,1,marine mammal,0.36373451352119446,244,-3918,144.3,-4191.5,344.9,-3643.5
1650,1,whale,0.2807055115699768,254,-3971,157.2,-4208.2,351.2,-3733.5
1653,1,marine mammal,0.502994954586029,258,-3934,155.7,-4215.8,362.3,-3650.8
1656,1,marine mammal,0.5694601535797119,263,-3961,162.9,-4223.9,365.5,-3697.3
1659,1,whale,0.24424169957637787,270,-3963,175.6,-4229.2,366.5,-3696.3
1662,1,marine mammal,0.35363438725471497,278,-3974,179.5,-4242.6,376.9,-3703.6
1665,1,whale,0.3037247657775879,279,-3977,176.8,-4247.0,382.4,-3706.5
1668,1,whale,0.23391717672348022,278,-3980,171.8,-4246.9,385.6,-3712.4
1671,1,marine mammal,0.4898967444896698,277,-3979,166.6,-4247.0,388.4,-3708.9
1674,1,marine mammal,0.3882444202899933,270,-3980,147.7,-4254.3,394.3,-3705.2
1677,1,marine mammal,0.38034844398498535,266,-3982,134.0,-4262.9,399.5,-3699.4
1683,1,marine mammal,0.2880777418613434,301,-3983,186.7,-4268.2,415.2,-3695.9
1692,1,marine mammal,0.2930052578449249,306,-3990,191.7,-4283.4,422.4,-3694.6
1707,1,marine mammal,0.37845414876937866,314,-4008,215.5,-4277.3,412.8,-3739.0
1710,1,marine mammal,0.3241892158985138,319,-4021,218.1,-4280.1,420.0,-3759.8
1713,1,marine mammal,0.25370949506759644,322,-4029,222.8,-4290.8,421.2,-3766.8
1725,1,marine mammal,0.37331607937812805,347,-4055,225.6,-4317.7,470.7,-3790.5
1845,1,marine mammal,0.7140580415725708,282,-4497,170.3,-4752.8,394.4,-4239.8
1848,1,marine mammal,0.5499802827835083,279,-4515,169.0,-4768.3,389.8,-4260.7
1851,1,marine mammal,0.44502967596054077,279,-4517,168.1,-4774.0,392.2,-4259.2
1854,1,marine mammal,0.5992755889892578,264,-4555,165.2,-4785.4,363.3,-4324.0
1857,1,marine mammal,0.4070601761341095,273,-4553,165.7,-4792.3,381.9,-4313.8
1860,1,marine mammal,0.5746139287948608,285,-4544,165.5,-4798.2,404.4,-4288.4
1863,1,marine mammal,0.5493631958961487,282,-4553,159.7,-4807.6,405.6,-4296.6
1866,1,marine mammal,0.563457727432251,257,-4591,155.8,-4822.3,358.2,-4358.4
1872,1,marine mammal,0.5905006527900696,286,-4585,156.7,-4838.5,415.3,-4331.2
1875,1,marine mammal,0.5469720959663391,283,-4590,154.8,-4845.4,412.2,-4333.5
1878,1,marine mammal,0.7683765888214111,284,-4600,155.9,-4856.2,412.7,-4344.2
1881,1,marine mammal,0.7637687921524048,282,-4606,151.5,-4862.5,412.6,-4348.3
1884,1,marine mammal,0.8708105683326721,283,-4613,149.8,-4872.9,415.4,-4352.1
1887,1,marine mammal,0.7946841716766357,283,-4620,148.1,-4876.9,419.2,-4361.8
1890,1,marine mammal,0.6963169574737549,283,-4627,146.7,-4881.3,419.3,-4371.4
1893,1,marine mammal,0.6551453471183777,285,-4633,148.8,-4888.0,421.7,-4378.2
1896,1,marine mammal,0.7313725352287292,284,-4646,145.8,-4898.2,422.6,-4392.4
1899,1,marine mammal,0.6781367063522339,284,-4651,145.0,-4905.5,422.7,-4395.5
1902,1,marine mammal,0.6482113003730774,282,-4661,144.6,-4911.5,420.2,-4411.0
1905,1,marine mammal,0.43100619316101074,282,-4672,141.8,-4923.5,422.2,-4419.7
1908,1,marine mammal,0.5905380249023438,279,-4681,138.6,-4932.1,419.9,-4430.7
1911,1,marine mammal,0.7568691372871399,256,-4708,134.7,-4937.4,377.8,-4476.9
1914,1,marine mammal,0.7691516876220703,254,-4716,137.2,-4941.5,370.7,-4489.1
1917,1,marine mammal,0.7274848818778992,251,-4722,133.3,-4950.6,369.7,-4491.1
1920,1,marine mammal,0.2734595537185669,277,-4715,133.6,-4959.3,422.5,-4469.9
1923,1,marine mammal,0.8347163796424866,274,-4716,128.6,-4966.7,419.4,-4465.5
1926,1,marine mammal,0.9192496538162231,271,-4727,127.8,-4971.7,415.7,-4481.9
1929,1,marine mammal,0.9048475027084351,275,-4731,128.9,-4979.9,422.6,-4481.8
1932,1,marine mammal,0.5250931978225708,274,-4736,125.7,-4985.0,422.9,-4486.0
1935,1,marine mammal,0.6906279921531677,269,-4751,124.0,-4991.3,414.0,-4510.3
1938,1,marine mammal,0.9783293604850769,271,-4754,124.6,-5001.2,419.0,-4506.7
1941,1,marine mammal,0.8646652698516846,267,-4771,122.3,-5009.9,413.4,-4530.5
1944,1,marine mammal,0.9000088572502136,262,-4779,119.2,-5016.2,406.0,-4540.9
1947,1,marine mammal,0.9014458656311035,264,-4784,115.1,-5023.1,413.2,-4543.4
1950,1,marine mammal,0.7635223865509033,265,-4793,114.3,-5031.4,415.7,-4554.1
1953,1,marine mammal,0.7908515334129333,269,-4798,114.2,-5036.9,424.7,-4557.7
1956,1,marine mammal,0.8738400936126709,261,-4815,111.5,-5042.5,412.5,-4587.4
1959,1,marine mammal,0.8704273700714111,256,-4822,113.3,-5051.8,400.8,-4590.0
1962,1,whale,0.5740114450454712,228,-4849,108.6,-5056.4,347.7,-4641.4
1965,1,marine mammal,0.5135717391967773,225,-4865,104.7,-5063.8,344.6,-4664.2
1968,1,marine mammal,0.9369942545890808,226,-4853,101.6,-5071.7,350.1,-4632.4
1971,1,marine mammal,0.796658992767334,236,-4849,101.9,-5074.4,370.6,-4622.0
1974,1,marine mammal,0.4423184394836426,222,-4878,99.9,-5076.1,344.8,-4678.0
1977,1,marine mammal,0.9458557367324829,245,-4846,94.1,-5080.0,396.2,-4611.4
1986,1,marine mammal,0.47275763750076294,244,-4874,93.1,-5112.7,396.5,-4634.7
1989,1,marine mammal,0.6727834343910217,244,-4881,94.0,-5115.6,396.2,-4644.8
1992,1,marine mammal,0.957312285900116,247,-4887,94.2,-5126.2,400.4,-4646.5
1995,1,marine mammal,0.610106885433197,249,-4894,97.3,-5135.7,402.2,-4652.5
1998,1,marine mammal,0.40297752618789673,249,-4904,98.2,-5146.6,401.5,-4660.4
2001,1,marine mammal,0.3073980212211609,231,-4940,100.9,-5154.9,362.1,-4723.9
2013,1,marine mammal,0.4681684076786041,237,-4955,96.7,-5186.8,380.0,-4720.5
2016,1,marine mammal,0.4444955587387085,248,-4948,94.5,-5195.8,400.9,-4698.2
2019,1,marine mammal,0.7910155057907104,244,-4949,93.7,-5197.8,396.0,-4698.9
2022,1,marine mammal,0.7519791722297668,242,-4954,91.4,-5200.3,394.5,-4705.3
2025,1,marine mammal,0.7504743337631226,240,-4958,91.1,-5203.1,389.2,-4713.8
2031,1,marine mammal,0.5412229895591736,215,-4991,95.0,-5215.2,334.9,-4765.3
2034,1,whale,0.5544933080673218,205,-5016,99.1,-5222.5,310.7,-4808.9
2037,1,marine mammal,0.812257707118988,234,-4983,96.1,-5228.9,372.6,-4736.5
2040,1,marine mammal,0.5565363168716431,233,-4986,95.5,-5231.8,371.2,-4739.5
2043,1,marine mammal,0.5764040946960449,232,-4986,92.5,-5234.1,373.1,-4736.1
2046,1,whale,0.4844503104686737,198,-5034,95.6,-5238.2,302.4,-4828.6
2049,1,marine mammal,0.2803671360015869,201,-5036,94.2,-5247.3,308.3,-4823.2
2052,1,whale,0.6360465288162231,200,-5040,90.3,-5252.1,312.3,-4827.5
2055,1,whale,0.6063065528869629,206,-5029,93.9,-5257.7,319.1,-4800.0
2058,1,marine mammal,0.7888779640197754,212,-5025,94.5,-5263.3,330.8,-4785.5
2061,1,marine mammal,0.28805503249168396,207,-5031,92.9,-5270.8,322.3,-4790.7
2073,1,marine mammal,0.401451051235199,226,-5034,92.5,-5284.2,361.2,-4781.8
2076,1,marine mammal,0.35261270403862,228,-5038,95.2,-5287.9,362.9,-4786.9
2082,1,marine mammal,0.34216398000717163,231,-5065,102.3,-5298.7,358.9,-4831.5
2085,1,marine mammal,0.6994134187698364,236,-5054,101.3,-5302.2,371.2,-4805.9
2088,1,marine mammal,0.5203482508659363,239,-5056,100.9,-5307.4,378.0,-4802.1
2091,1,marine mammal,0.3324155807495117,240,-5066,99.1,-5315.3,380.3,-4817.0
2094,1,marine mammal,0.45145779848098755,246,-5068,108.3,-5323.6,385.3,-4811.9
2097,1,marine mammal,0.25504493713378906,259,-5077,128.1,-5335.5,391.8,-4817.4
2103,1,marine mammal,0.30693528056144714,258,-5114,122.9,-5354.9,394.6,-4872.0
2112,1,marine mammal,0.30653393268585205,267,-5130,138.8,-5381.9,396.0,-4876.0
2115,1,marine mammal,0.49257808923721313,278,-5121,138.9,-5388.6,418.0,-4852.3
2118,1,marine mammal,0.8543266654014587,262,-5142,136.6,-5396.3,387.6,-4886.7
2121,1,marine mammal,0.7459424138069153,263,-5145,126.9,-5408.3,400.4,-4879.8
2124,1,marine mammal,0.9301732182502747,264,-5142,122.6,-5409.7,406.6,-4873.2
2127,1,marine mammal,0.901357889175415,267,-5145,117.7,-5420.6,417.5,-4867.4
2130,1,marine mammal,0.6958996057510376,270,-5146,125.6,-5428.2,414.1,-4863.4
2133,1,marine mammal,0.6822732090950012,283,-5148,144.8,-5433.7,423.1,-4860.8
2136,1,marine mammal,0.5764080882072449,284,-5156,150.1,-5441.7,417.6,-4870.2
2139,1,marine mammal,0.5798365473747253,291,-5157,167.0,-5444.6,416.4,-4868.4
2142,1,marine mammal,0.422625869512558,268,-5160,115.6,-5460.9,421.2,-4857.0
2145,1,marine mammal,0.37345820665359497,271,-5167,110.4,-5468.2,432.9,-4864.7
2148,1,marine mammal,0.6037550568580627,284,-5167,146.5,-5447.6,422.4,-4886.3
2151,1,marine mammal,0.353739470243454,292,-5163,197.3,-5435.1,388.5,-4889.5
