frame,class_id,class_name,confidence,bbox
0,5,marine mammal,0.08778498321771622,"[2061.97412109375, 927.3612060546875, 2135.55224609375, 1109.9486083984375]"
30,5,marine mammal,0.28617918491363525,"[2071.7724609375, 1308.41748046875, 2178.13671875, 1477.021484375]"
60,5,marine mammal,0.5667048096656799,"[2164.24365234375, 1505.98876953125, 2315.25634765625, 1647.239013671875]"
60,0,whale,0.2294239103794098,"[2247.89990234375, 1422.1258544921875, 2363.45556640625, 1537.9161376953125]"
60,0,whale,0.1793704628944397,"[2167.5712890625, 1506.228759765625, 2315.4296875, 1647.202880859375]"
60,5,marine mammal,0.14942128956317902,"[2071.0302734375, 1531.798095703125, 2126.6533203125, 1638.530029296875]"
90,0,whale,0.23722751438617706,"[2253.88427734375, 1595.98828125, 2461.99560546875, 1682.11767578125]"
90,0,whale,0.22892946004867554,"[2343.9736328125, 1504.009765625, 2501.580078125, 1566.19677734375]"
120,0,whale,0.3545214533805847,"[2337.30859375, 1480.765625, 2567.001953125, 1545.22900390625]"
120,0,whale,0.2788275182247162,"[2231.91943359375, 1571.968505859375, 2426.92626953125, 1627.093017578125]"
120,0,whale,0.13808418810367584,"[2444.76611328125, 1358.0782470703125, 2616.505859375, 1429.3209228515625]"
150,0,whale,0.3414788842201233,"[2445.4541015625, 1349.2861328125, 2673.84912109375, 1465.462890625]"
150,0,whale,0.21178530156612396,"[2336.8896484375, 1511.9091796875, 2544.9375, 1571.6767578125]"
150,4,dorsal fin,0.15848177671432495,"[2444.61181640625, 1347.4658203125, 2674.47705078125, 1466.45458984375]"
150,0,whale,0.14990153908729553,"[2565.486328125, 1207.55712890625, 2697.8642578125, 1332.409912109375]"
180,0,whale,0.19049419462680817,"[2448.21142578125, 1497.5982666015625, 2681.75048828125, 1577.8221435546875]"
180,0,whale,0.09827462583780289,"[2498.1923828125, 1253.3521728515625, 2820.888671875, 1467.9110107421875]"
210,0,whale,0.10564794391393661,"[2505.69677734375, 1045.26708984375, 2948.52294921875, 1647.63427734375]"
270,5,marine mammal,0.05844266712665558,"[2423.120361328125, 858.115478515625, 3107.234619140625, 1820.638916015625]"
300,5,marine mammal,0.09294699132442474,"[2217.3818359375, 819.80224609375, 3031.4189453125, 1960.943603515625]"
300,0,whale,0.057145603001117706,"[2218.66748046875, 820.468994140625, 3034.54736328125, 1961.642822265625]"
330,5,marine mammal,0.25173068046569824,"[1962.5426025390625, 795.998291015625, 2875.33349609375, 2068.32080078125]"
330,5,marine mammal,0.16916528344154358,"[2657.9150390625, 1173.7874755859375, 2843.95068359375, 1469.5306396484375]"
330,0,whale,0.060986101627349854,"[2660.470703125, 1174.9263916015625, 2839.830078125, 1468.7288818359375]"
330,5,marine mammal,0.05286165326833725,"[2548.013671875, 802.9685668945312, 2875.4912109375, 1456.650146484375]"
360,0,whale,0.2399953156709671,"[2464.978515625, 771.1826171875, 2637.31982421875, 1029.575927734375]"
360,0,whale,0.23996730148792267,"[2585.810302734375, 835.610595703125, 2796.605224609375, 1178.978515625]"
360,5,marine mammal,0.21850714087486267,"[2579.05322265625, 831.40576171875, 2794.76416015625, 1190.366455078125]"
360,0,whale,0.17406600713729858,"[2587.51171875, 1104.13134765625, 2781.4970703125, 1404.63330078125]"
360,5,marine mammal,0.16925658285617828,"[2589.23974609375, 1098.651123046875, 2783.71630859375, 1400.473388671875]"
360,5,marine mammal,0.16436904668807983,"[2467.849609375, 768.0242919921875, 2636.75634765625, 1028.4317626953125]"
360,0,whale,0.0519249401986599,"[1769.6571044921875, 1098.987548828125, 2588.650390625, 2124.552490234375]"
390,0,whale,0.5660552978515625,"[2515.8955078125, 836.1097412109375, 2707.11767578125, 1189.6126708984375]"
390,5,marine mammal,0.40864431858062744,"[2517.97412109375, 836.991943359375, 2708.91162109375, 1195.152587890625]"
390,0,whale,0.2944994270801544,"[2492.933349609375, 1103.708740234375, 2744.726806640625, 1447.690185546875]"
390,0,whale,0.29034870862960815,"[2374.664794921875, 802.2342529296875, 2537.543212890625, 1075.2608642578125]"
390,5,marine mammal,0.058646850287914276,"[2383.114501953125, 805.2540893554688, 2742.080810546875, 1453.276611328125]"
420,0,whale,0.5451624989509583,"[2444.65869140625, 888.6972045898438, 2687.35791015625, 1284.4345703125]"
420,0,whale,0.34566912055015564,"[2477.05810546875, 1154.0130615234375, 2751.1025390625, 1490.4698486328125]"
420,0,whale,0.2605816125869751,"[2311.9248046875, 897.9677734375, 2489.4560546875, 1154.18896484375]"
450,0,whale,0.5945967435836792,"[2403.89404296875, 985.09228515625, 2706.80859375, 1331.31396484375]"
450,0,whale,0.593873143196106,"[2503.721923828125, 1247.0107421875, 2812.913330078125, 1554.27783203125]"
450,0,whale,0.5695033669471741,"[2249.396728515625, 1000.51708984375, 2514.594970703125, 1280.686279296875]"
480,5,marine mammal,0.48291704058647156,"[2422.78857421875, 1095.33447265625, 2764.142578125, 1438.880859375]"
480,5,marine mammal,0.4184216558933258,"[2536.2255859375, 1363.1363525390625, 2881.37451171875, 1629.6666259765625]"
480,0,whale,0.14192582666873932,"[2421.313232421875, 1092.6719970703125, 2760.681884765625, 1433.9449462890625]"
480,0,whale,0.1311587691307068,"[2580.5439453125, 1364.709228515625, 2881.5234375, 1578.552978515625]"
480,5,marine mammal,0.0859149768948555,"[2184.8974609375, 1102.97802734375, 2767.46826171875, 1476.4765625]"
480,5,marine mammal,0.06110084429383278,"[2583.88330078125, 1365.68359375, 2880.8935546875, 1574.0791015625]"
480,0,whale,0.05500340461730957,"[2535.53466796875, 1363.8955078125, 2882.75634765625, 1632.07763671875]"
510,5,marine mammal,0.7278380990028381,"[2036.013916015625, 1187.792236328125, 2458.592529296875, 1670.72412109375]"
510,0,whale,0.41864535212516785,"[2570.54052734375, 1383.5467529296875, 2892.17041015625, 1642.5811767578125]"
510,0,whale,0.3397274911403656,"[2422.87158203125, 1132.035888671875, 2744.7900390625, 1421.344482421875]"
540,0,whale,0.39920833706855774,"[2588.770263671875, 1292.715087890625, 2875.087158203125, 1611.262939453125]"
540,0,whale,0.38795340061187744,"[2401.650390625, 1074.6995849609375, 2734.4873046875, 1400.9510498046875]"
540,5,marine mammal,0.34945619106292725,"[2288.5029296875, 1128.861328125, 2452.1279296875, 1309.98291015625]"
540,5,marine mammal,0.3412396311759949,"[1901.4490966796875, 1128.0927734375, 2452.6357421875, 1766.37939453125]"
540,0,whale,0.33065205812454224,"[2289.310546875, 1130.877685546875, 2450.359375, 1307.228271484375]"
540,0,whale,0.20886707305908203,"[1901.7818603515625, 1128.4007568359375, 2453.46435546875, 1769.2156982421875]"
570,0,whale,0.2631978690624237,"[2603.2646484375, 1163.8619384765625, 2816.150390625, 1558.2169189453125]"
570,0,whale,0.21522247791290283,"[2418.55615234375, 970.6685791015625, 2697.52001953125, 1350.7098388671875]"
570,0,whale,0.19652937352657318,"[2261.8720703125, 1035.0206298828125, 2440.9462890625, 1266.2569580078125]"
570,5,marine mammal,0.17239637672901154,"[1762.3017578125, 1241.079345703125, 2280.82080078125, 1815.107177734375]"
570,0,whale,0.13357684016227722,"[1573.032470703125, 2238.454833984375, 1672.149658203125, 2315.888427734375]"
570,0,whale,0.11629969626665115,"[1761.3349609375, 1234.9981689453125, 2276.18115234375, 1817.7984619140625]"
570,5,marine mammal,0.061634648591279984,"[1570.23291015625, 2239.130615234375, 1671.770263671875, 2315.991943359375]"
570,5,marine mammal,0.057051077485084534,"[1758.632080078125, 1042.545654296875, 2437.121826171875, 1812.990966796875]"
600,0,whale,0.26140347123146057,"[2473.916015625, 871.5975341796875, 2684.46337890625, 1223.2677001953125]"
600,0,whale,0.21966280043125153,"[2261.958984375, 934.91064453125, 2445.28955078125, 1207.6787109375]"
600,0,whale,0.16961787641048431,"[1630.105224609375, 1237.260009765625, 2215.386962890625, 1867.770751953125]"
600,5,marine mammal,0.14476361870765686,"[2654.65576171875, 1069.75, 2757.68212890625, 1445.55517578125]"
600,0,whale,0.08242039382457733,"[2653.544677734375, 1071.3662109375, 2751.552978515625, 1448.37060546875]"
630,0,whale,0.12900368869304657,"[2316.3232421875, 825.51416015625, 2476.1318359375, 1108.7066650390625]"
630,0,whale,0.07519311457872391,"[2523.438232421875, 769.3848876953125, 2718.687255859375, 1306.6361083984375]"
630,5,marine mammal,0.06958603113889694,"[2524.48779296875, 771.950927734375, 2713.36083984375, 1275.619873046875]"
630,0,whale,0.05974981188774109,"[1567.84326171875, 1230.52001953125, 2207.2578125, 1898.466796875]"
660,5,marine mammal,0.09014030545949936,"[1529.33154296875, 1244.669677734375, 2173.0107421875, 1974.757568359375]"
660,4,dorsal fin,0.06092747673392296,"[2391.53515625, 725.4776611328125, 2541.962890625, 1023.2239990234375]"
690,0,whale,0.17210538685321808,"[2614.70166015625, 672.50390625, 2749.31396484375, 1067.59716796875]"
690,0,whale,0.07792967557907104,"[2576.8095703125, 670.547607421875, 2751.54296875, 1107.1717529296875]"
690,5,marine mammal,0.057920899242162704,"[2422.77001953125, 674.732421875, 2749.23388671875, 1136.307861328125]"
720,5,marine mammal,0.6337282061576843,"[2584.4345703125, 741.11181640625, 2693.310546875, 1172.76220703125]"
720,0,whale,0.4540567696094513,"[2582.5712890625, 743.2984619140625, 2692.08349609375, 1168.7279052734375]"
720,5,marine mammal,0.3866015076637268,"[2445.128662109375, 775.703125, 2514.456298828125, 1032.966552734375]"
720,0,whale,0.14487524330615997,"[2303.865234375, 973.498291015625, 2513.36474609375, 1180.555419921875]"
720,5,marine mammal,0.11794358491897583,"[2303.37939453125, 777.6015014648438, 2525.25390625, 1185.43408203125]"
720,4,dorsal fin,0.10112342238426208,"[2303.79833984375, 972.640869140625, 2515.01416015625, 1178.268310546875]"
720,0,whale,0.0714184120297432,"[2449.064453125, 777.163330078125, 2512.51171875, 1043.8505859375]"
720,0,whale,0.0627467930316925,"[1802.12158203125, 1680.079345703125, 2044.69091796875, 1922.096923828125]"
720,5,marine mammal,0.055347662419080734,"[2301.6640625, 767.8138427734375, 2689.40771484375, 1188.9095458984375]"
750,0,whale,0.5831634998321533,"[2276.53515625, 996.1405029296875, 2507.3095703125, 1269.8480224609375]"
750,0,whale,0.42437660694122314,"[2474.876953125, 810.6478271484375, 2546.05078125, 1110.1448974609375]"
750,0,whale,0.37392136454582214,"[2614.060546875, 764.6571655273438, 2737.60888671875, 1204.16796875]"
780,0,whale,0.35640355944633484,"[2362.78466796875, 973.6904296875, 2498.2568359375, 1294.75]"
780,0,whale,0.18451137840747833,"[2734.548828125, 772.249267578125, 2838.16015625, 1159.93017578125]"
780,0,whale,0.10029967874288559,"[2589.978515625, 818.64990234375, 2662.15234375, 1106.651123046875]"
810,0,whale,0.14275780320167542,"[2607.17041015625, 874.754150390625, 2719.19189453125, 1162.585205078125]"
810,0,whale,0.09661086648702621,"[2773.134521484375, 834.636474609375, 2896.636962890625, 1184.457763671875]"
810,5,marine mammal,0.09658132493495941,"[2607.57568359375, 875.8038330078125, 2719.4453125, 1167.2784423828125]"
810,0,whale,0.0895497277379036,"[2382.289306640625, 1022.1376953125, 2491.996337890625, 1378.253173828125]"
840,0,whale,0.4820614755153656,"[2568.107666015625, 938.83447265625, 2750.496826171875, 1230.502685546875]"
840,0,whale,0.3383166193962097,"[2291.05078125, 1049.785400390625, 2509.67333984375, 1425.744873046875]"
840,5,marine mammal,0.17640112340450287,"[2286.1494140625, 1059.405029296875, 2478.57763671875, 1424.002685546875]"
840,5,marine mammal,0.12296529859304428,"[2717.98388671875, 891.480712890625, 2969.76904296875, 1285.443603515625]"
840,0,whale,0.11113131791353226,"[2759.431640625, 893.129150390625, 2968.1982421875, 1139.388916015625]"
840,0,whale,0.09524841606616974,"[2720.224853515625, 891.64013671875, 2969.685302734375, 1284.0908203125]"
840,5,marine mammal,0.0556897334754467,"[2688.290771484375, 1077.512451171875, 2827.964111328125, 1310.547119140625]"
870,5,marine mammal,0.616448700428009,"[2201.47021484375, 1100.726318359375, 2470.92529296875, 1598.366455078125]"
870,5,marine mammal,0.4339320659637451,"[2503.2763671875, 968.1689453125, 2892.44140625, 1415.876953125]"
870,0,whale,0.18297705054283142,"[2500.20458984375, 967.840087890625, 2892.52001953125, 1419.181640625]"
870,0,whale,0.17481505870819092,"[2199.76220703125, 1099.486572265625, 2473.52294921875, 1596.917724609375]"
870,5,marine mammal,0.07627195119857788,"[2199.2109375, 965.8643188476562, 2903.6845703125, 1603.02734375]"
900,5,marine mammal,0.8045814633369446,"[2103.6748046875, 1117.1162109375, 2440.27978515625, 1717.44970703125]"
900,5,marine mammal,0.5152142643928528,"[2423.99072265625, 1035.451416015625, 2826.06396484375, 1513.228759765625]"
900,0,whale,0.23902030289173126,"[2430.84619140625, 1032.86181640625, 2823.57177734375, 1513.09912109375]"
900,0,whale,0.08246981352567673,"[2109.833984375, 1127.852783203125, 2436.26904296875, 1709.218505859375]"
900,5,marine mammal,0.07398686558008194,"[2098.401123046875, 1030.543701171875, 2843.094482421875, 1721.302001953125]"
900,0,whale,0.0618879459798336,"[2232.467529296875, 1127.101318359375, 2434.119873046875, 1448.79443359375]"
900,0,whale,0.05042440816760063,"[2092.498779296875, 1028.150634765625, 2846.986572265625, 1729.8994140625]"
930,5,marine mammal,0.5213017463684082,"[2272.906005859375, 1064.669921875, 2759.301513671875, 1667.507568359375]"
930,5,marine mammal,0.37883538007736206,"[1960.590087890625, 1103.48046875, 2310.823486328125, 1904.5576171875]"
930,5,marine mammal,0.3767189681529999,"[1951.70263671875, 1072.0137939453125, 2811.3759765625, 1915.0242919921875]"
960,5,marine mammal,0.6528660655021667,"[2263.30322265625, 1077.166015625, 2749.91748046875, 1790.67822265625]"
960,5,marine mammal,0.47557035088539124,"[1975.517333984375, 1107.474365234375, 2237.478271484375, 1923.846923828125]"
960,5,marine mammal,0.2916611135005951,"[1867.078369140625, 1104.029052734375, 2259.631591796875, 2046.055908203125]"
960,5,marine mammal,0.127711683511734,"[1844.9085693359375, 1084.49560546875, 2795.36572265625, 2048.1044921875]"
960,0,whale,0.07309355586767197,"[1984.695556640625, 1108.84228515625, 2234.595947265625, 1909.07568359375]"
990,5,marine mammal,0.4838196337223053,"[2223.31982421875, 1076.198974609375, 2832.91162109375, 1932.086181640625]"
990,5,marine mammal,0.3016040325164795,"[1856.5318603515625, 1075.180908203125, 2832.19482421875, 2170.296630859375]"
990,5,marine mammal,0.21089452505111694,"[1869.1375732421875, 1080.3837890625, 2346.5478515625, 2141.6298828125]"
1020,5,marine mammal,0.35556966066360474,"[1827.0029296875, 1105.48876953125, 2858.69677734375, 2233.71337890625]"
1020,5,marine mammal,0.30089640617370605,"[2570.110595703125, 1156.817626953125, 2715.673095703125, 1431.482666015625]"
1020,0,whale,0.28990206122398376,"[2157.71826171875, 1111.7705078125, 2375.57568359375, 1468.47265625]"
1020,0,whale,0.15499477088451385,"[2654.4931640625, 1102.89306640625, 2858.0634765625, 1528.6328125]"
1020,5,marine mammal,0.1417558789253235,"[2247.95654296875, 1123.960205078125, 2856.50146484375, 1706.112548828125]"
1020,0,whale,0.09878778457641602,"[2565.20361328125, 1150.2890625, 2718.99853515625, 1432.1337890625]"
1050,5,marine mammal,0.7312949299812317,"[2548.16943359375, 1189.1043701171875, 2681.36962890625, 1456.5970458984375]"
1050,5,marine mammal,0.4141290485858917,"[2664.222412109375, 1136.20849609375, 2843.831298828125, 1531.475830078125]"
1050,0,whale,0.37203317880630493,"[2177.207763671875, 1110.100341796875, 2339.996826171875, 1496.525146484375]"
1050,5,marine mammal,0.36834490299224854,"[2167.97509765625, 1110.445556640625, 2339.29052734375, 1499.715576171875]"
1050,0,whale,0.2723466753959656,"[2552.15087890625, 1189.47607421875, 2681.47119140625, 1453.47900390625]"
1050,0,whale,0.18011876940727234,"[2668.474853515625, 1137.0184326171875, 2840.639404296875, 1510.1878662109375]"
1050,5,marine mammal,0.10200686752796173,"[2728.123046875, 1137.4521484375, 2843.078125, 1409.63330078125]"
1050,0,whale,0.08895978331565857,"[2728.51953125, 1138.5697021484375, 2842.451171875, 1434.2293701171875]"
1050,0,whale,0.08269119262695312,"[2739.97314453125, 1138.7650146484375, 2841.93896484375, 1340.3597412109375]"
1080,0,whale,0.10319463908672333,"[2696.59130859375, 1158.351318359375, 2839.58935546875, 1552.36083984375]"
1080,5,marine mammal,0.055931206792593,"[2571.755859375, 1216.2103271484375, 2685.0859375, 1513.8958740234375]"
1110,5,marine mammal,0.6906391382217407,"[2702.853271484375, 1217.176025390625, 2841.745361328125, 1622.069580078125]"
1110,5,marine mammal,0.6383737325668335,"[2587.1953125, 1282.32861328125, 2674.615234375, 1565.0576171875]"
1110,0,whale,0.5603188872337341,"[2703.09375, 1216.27001953125, 2840.1865234375, 1618.02099609375]"
1110,5,marine mammal,0.5122010111808777,"[2228.68798828125, 1176.7037353515625, 2331.59521484375, 1503.3604736328125]"
1110,0,whale,0.3812071979045868,"[2232.008056640625, 1174.9892578125, 2332.139404296875, 1495.5947265625]"
1110,0,whale,0.3282046914100647,"[2591.616943359375, 1282.36083984375, 2675.184326171875, 1565.935546875]"
1110,0,whale,0.059041619300842285,"[2191.80419921875, 1510.30322265625, 2327.69189453125, 1615.984375]"
1140,5,marine mammal,0.3976617455482483,"[2220.37451171875, 1193.487060546875, 2326.2861328125, 1569.531005859375]"
1140,0,whale,0.1601509302854538,"[2220.939453125, 1194.716552734375, 2324.40087890625, 1551.840087890625]"
1140,5,marine mammal,0.11727217584848404,"[2609.26953125, 1309.8277587890625, 2673.93212890625, 1591.0152587890625]"
1140,0,whale,0.09247715026140213,"[2746.74365234375, 1243.39208984375, 2851.47119140625, 1601.348876953125]"
1140,5,marine mammal,0.07276316732168198,"[2745.3125, 1241.1707763671875, 2849.55224609375, 1602.5230712890625]"
1140,0,whale,0.06854948401451111,"[2612.7587890625, 1307.0086669921875, 2673.73828125, 1593.8590087890625]"
1170,5,marine mammal,0.6760656237602234,"[2793.102294921875, 1229.336181640625, 2902.329833984375, 1642.582763671875]"
1170,0,whale,0.5162677764892578,"[2794.13330078125, 1230.4990234375, 2899.67919921875, 1630.0390625]"
1170,0,whale,0.4133162200450897,"[2236.943115234375, 1157.064453125, 2348.640869140625, 1495.990234375]"
1170,0,whale,0.2082764208316803,"[2647.853515625, 1297.90625, 2706.17578125, 1582.55517578125]"
1200,0,whale,0.5498877763748169,"[2811.90380859375, 1269.3575439453125, 2955.67236328125, 1694.9053955078125]"
1200,0,whale,0.414528489112854,"[2669.523681640625, 1326.84326171875, 2740.089599609375, 1618.54638671875]"
1200,0,whale,0.13507434725761414,"[2275.32421875, 1169.298828125, 2375.400390625, 1500.379150390625]"
1230,0,whale,0.4302184283733368,"[2837.8212890625, 1284.270263671875, 2981.4912109375, 1660.627197265625]"
1230,0,whale,0.3007838726043701,"[2664.625732421875, 1352.50244140625, 2770.475830078125, 1636.12353515625]"
1230,5,marine mammal,0.260794460773468,"[2663.17041015625, 1349.326416015625, 2769.81884765625, 1636.321044921875]"
1230,0,whale,0.23755034804344177,"[2257.9189453125, 1201.80908203125, 2418.64453125, 1569.41943359375]"
1230,0,whale,0.16687007248401642,"[2786.169189453125, 1283.218505859375, 2984.460693359375, 1716.074462890625]"
1260,0,whale,0.33839794993400574,"[2272.573486328125, 1144.941162109375, 2554.827392578125, 1464.434814453125]"
1260,0,whale,0.3161242604255676,"[2682.27099609375, 1306.559814453125, 2823.720703125, 1577.769775390625]"
1260,0,whale,0.2914891541004181,"[2845.253173828125, 1249.900146484375, 3013.695068359375, 1630.171142578125]"
1290,5,marine mammal,0.5607262849807739,"[2208.80322265625, 1098.758056640625, 2579.29833984375, 1497.340576171875]"
1290,0,whale,0.3463119566440582,"[2817.046875, 1185.078369140625, 3071.376953125, 1610.972900390625]"
1290,0,whale,0.32060086727142334,"[2635.97265625, 1260.901123046875, 2850.32275390625, 1578.159423828125]"
1290,0,whale,0.3095668852329254,"[2208.869140625, 1098.4376220703125, 2579.01171875, 1497.9837646484375]"
1320,5,marine mammal,0.7634438276290894,"[2125.3798828125, 1076.97509765625, 2576.564453125, 1545.228515625]"
1320,0,whale,0.4540390372276306,"[2126.61083984375, 1080.350341796875, 2574.37744140625, 1538.675048828125]"
1320,0,whale,0.19255700707435608,"[2784.1728515625, 1134.6787109375, 3021.369140625, 1574.82763671875]"
1320,0,whale,0.11195649206638336,"[2582.12548828125, 1207.179931640625, 2800.73486328125, 1561.645751953125]"
1320,5,marine mammal,0.10327939689159393,"[2416.65576171875, 1081.3232421875, 2575.05615234375, 1219.556884765625]"
1320,5,marine mammal,0.08374245464801788,"[2571.970947265625, 1158.4393310546875, 3036.453369140625, 1592.8218994140625]"
1350,5,marine mammal,0.8201590180397034,"[2041.267578125, 1009.6488037109375, 2604.51318359375, 1574.9014892578125]"
1350,5,marine mammal,0.4660547375679016,"[2493.8017578125, 1067.40966796875, 3013.8330078125, 1622.77099609375]"
1350,0,whale,0.24403737485408783,"[2738.21240234375, 1068.1400146484375, 2997.86279296875, 1518.4166259765625]"
1350,5,marine mammal,0.058121200650930405,"[2495.720703125, 1038.6533203125, 3202.6494140625, 1633.03125]"
1380,5,marine mammal,0.8024763464927673,"[1949.734619140625, 951.3711547851562, 2606.717041015625, 1648.5634765625]"
1380,5,marine mammal,0.5656722784042358,"[2414.05712890625, 1017.627685546875, 2982.40625, 1677.75244140625]"
1380,5,marine mammal,0.26155024766921997,"[1948.6856689453125, 963.6180419921875, 2980.126953125, 1669.1055908203125]"
1410,5,marine mammal,0.4375244975090027,"[1810.2021484375, 915.3990478515625, 2656.6552734375, 1745.3255615234375]"
1410,5,marine mammal,0.22438108921051025,"[2365.839111328125, 956.026611328125, 2959.141845703125, 1722.81005859375]"
1410,5,marine mammal,0.18784686923027039,"[1810.5301513671875, 1154.575927734375, 2434.71484375, 1750.11572265625]"
1410,5,marine mammal,0.1769883781671524,"[2608.7939453125, 1048.797607421875, 2785.955078125, 1295.020263671875]"
1410,0,whale,0.15767543017864227,"[2672.96240234375, 972.69287109375, 2956.47119140625, 1360.5947265625]"
1410,5,marine mammal,0.13087083399295807,"[1812.3575439453125, 942.6381225585938, 2957.44140625, 1769.55078125]"
1410,0,whale,0.12477661669254303,"[2614.29248046875, 1044.900390625, 2783.67333984375, 1302.4326171875]"
1410,0,whale,0.09363283216953278,"[2325.84814453125, 915.4015502929688, 2644.18798828125, 1227.669677734375]"
1410,5,marine mammal,0.08449400961399078,"[2494.29150390625, 974.045654296875, 2958.6298828125, 1639.010009765625]"
1410,5,marine mammal,0.08249684423208237,"[2578.14013671875, 1013.5673828125, 2845.96630859375, 1338.3857421875]"
1440,0,whale,0.6787706613540649,"[2362.708984375, 941.0013427734375, 2675.3662109375, 1229.6920166015625]"
1440,0,whale,0.44839251041412354,"[2580.60302734375, 1049.71875, 2762.04248046875, 1310.722412109375]"
1440,0,whale,0.42327040433883667,"[2749.414794921875, 948.064208984375, 2936.742431640625, 1265.00634765625]"
1440,5,marine mammal,0.3960437774658203,"[2573.603515625, 1050.5362548828125, 2773.50830078125, 1318.4390869140625]"
1440,5,marine mammal,0.21985477209091187,"[2595.704345703125, 950.3837890625, 2938.205810546875, 1343.098876953125]"
1470,5,marine mammal,0.5640724301338196,"[2548.3671875, 986.439208984375, 2904.67724609375, 1375.573974609375]"
1470,0,whale,0.48094168305397034,"[2552.38134765625, 988.45947265625, 2903.16943359375, 1373.8642578125]"
1470,0,whale,0.44641318917274475,"[2376.089111328125, 1008.564453125, 2686.599853515625, 1278.625244140625]"
1470,0,whale,0.3788667917251587,"[2550.95556640625, 1105.401611328125, 2745.57666015625, 1363.712158203125]"
1470,0,whale,0.16211016476154327,"[2657.49169921875, 985.596923828125, 2904.09423828125, 1375.408935546875]"
1500,0,whale,0.45334407687187195,"[2390.0703125, 989.8656005859375, 2687.9375, 1339.6536865234375]"
1500,5,marine mammal,0.316111296415329,"[2532.795654296875, 1124.988037109375, 2756.444580078125, 1375.202392578125]"
1500,0,whale,0.25680577754974365,"[2705.36865234375, 959.5179443359375, 2923.67041015625, 1330.1827392578125]"
1500,5,marine mammal,0.2305184304714203,"[2538.82470703125, 959.2281494140625, 2924.3134765625, 1376.7965087890625]"
1500,0,whale,0.1759864091873169,"[2537.33642578125, 1119.43798828125, 2750.53369140625, 1377.61474609375]"
1530,0,whale,0.08093572407960892,"[2742.89794921875, 900.4183349609375, 2952.16650390625, 1247.6275634765625]"
1530,0,whale,0.0800786167383194,"[2480.2216796875, 959.3850708007812, 2692.98291015625, 1306.459716796875]"
1560,5,marine mammal,0.3736773729324341,"[2552.3203125, 833.9389038085938, 2975.494140625, 1349.03271484375]"
1560,3,dolphin,0.22456073760986328,"[2551.3134765625, 926.7313842773438, 2697.767578125, 1247.41455078125]"
1560,0,whale,0.19626490771770477,"[2552.781005859375, 926.1962280273438, 2698.450927734375, 1244.9052734375]"
1560,0,whale,0.18356260657310486,"[2594.2099609375, 1061.217041015625, 2807.63427734375, 1348.484130859375]"
1560,0,whale,0.12678126990795135,"[2798.80419921875, 832.8421630859375, 2972.55224609375, 1157.3929443359375]"
1560,5,marine mammal,0.09707781672477722,"[2551.4853515625, 926.8597412109375, 2699.595703125, 1269.2908935546875]"
1560,5,marine mammal,0.07938352227210999,"[2463.6650390625, 1494.514892578125, 2601.7841796875, 1647.840576171875]"
1590,5,marine mammal,0.2501354515552521,"[2506.96826171875, 749.7659912109375, 2994.15087890625, 1386.4473876953125]"
1590,0,whale,0.12744440138339996,"[2539.52734375, 849.2388916015625, 2678.5009765625, 1196.6580810546875]"
1590,0,whale,0.11325777322053909,"[2827.30908203125, 758.34765625, 2992.23291015625, 1099.296630859375]"
1590,0,whale,0.0942683070898056,"[2530.681640625, 1026.530029296875, 2817.66943359375, 1380.434814453125]"
1590,5,marine mammal,0.0644189864397049,"[2197.404296875, 1552.460693359375, 2559.5546875, 2036.773681640625]"
1620,5,marine mammal,0.647995114326477,"[2539.922607421875, 768.140869140625, 2633.827392578125, 1084.034423828125]"
1620,5,marine mammal,0.32899895310401917,"[2459.94384765625, 980.779052734375, 2792.7333984375, 1468.447998046875]"
1620,0,whale,0.3227408528327942,"[2539.74072265625, 768.3079833984375, 2630.66357421875, 1082.9051513671875]"
1620,0,whale,0.27304157614707947,"[2846.630859375, 668.5120849609375, 3006.95947265625, 1044.5863037109375]"
1620,5,marine mammal,0.22565582394599915,"[2675.826171875, 966.99853515625, 2773.619140625, 1126.199951171875]"
1620,5,marine mammal,0.13797752559185028,"[2843.23095703125, 667.373046875, 3006.83642578125, 1073.296875]"
1620,5,marine mammal,0.05059809982776642,"[2492.75732421875, 973.948974609375, 2779.92431640625, 1361.719482421875]"
1650,5,marine mammal,0.24857211112976074,"[2355.89453125, 878.9052734375, 2774.1923828125, 1567.03466796875]"
1650,5,marine mammal,0.14801917970180511,"[2471.798828125, 677.4287109375, 2577.6640625, 1065.6409912109375]"
1650,0,whale,0.08571981638669968,"[2475.33349609375, 681.46630859375, 2577.06298828125, 1072.487548828125]"
1650,5,marine mammal,0.06968145817518234,"[2754.29541015625, 576.8092041015625, 3013.99755859375, 1064.8157958984375]"
1680,0,whale,0.18056903779506683,"[2858.66064453125, 531.2427978515625, 3012.36181640625, 906.6663818359375]"
1680,0,whale,0.16091035306453705,"[2431.57080078125, 645.4605712890625, 2524.21484375, 989.2978515625]"
1680,5,marine mammal,0.1209757849574089,"[2431.7470703125, 648.7176513671875, 2524.4072265625, 989.1717529296875]"
1680,0,whale,0.10302408039569855,"[2634.590576171875, 813.49365234375, 2770.786376953125, 1094.603515625]"
1710,0,whale,0.5408068895339966,"[2641.09130859375, 813.3983154296875, 2772.81201171875, 1097.0732421875]"
1710,0,whale,0.41425931453704834,"[2845.56982421875, 560.3314208984375, 3028.33740234375, 969.926513671875]"
1710,0,whale,0.30367332696914673,"[2379.45703125, 698.406982421875, 2484.26513671875, 1065.7568359375]"
1710,5,marine mammal,0.25659671425819397,"[2851.127685546875, 560.1321411132812, 3027.527587890625, 954.8563842773438]"
1740,0,whale,0.31368640065193176,"[2658.186279296875, 806.935791015625, 2792.633056640625, 1081.965087890625]"
1740,0,whale,0.2065909504890442,"[2822.4736328125, 579.1529541015625, 3029.3505859375, 999.2926025390625]"
1740,0,whale,0.12761269509792328,"[2299.921875, 719.1832275390625, 2475.666015625, 1114.4134521484375]"
1770,0,whale,0.24010945856571198,"[2295.86474609375, 732.9632568359375, 2493.8818359375, 1117.4473876953125]"
1770,0,whale,0.2380559742450714,"[2700.205322265625, 789.651123046875, 2819.359130859375, 1062.03369140625]"
1770,0,whale,0.2300199568271637,"[2871.364013671875, 590.27490234375, 3045.125732421875, 1004.67822265625]"
1770,5,marine mammal,0.1106034591794014,"[1864.5301513671875, 1618.24267578125, 2660.25390625, 2700.0]"
1800,0,whale,0.2660582959651947,"[2851.20068359375, 636.86865234375, 3048.43798828125, 1063.9481201171875]"
1800,0,whale,0.26318180561065674,"[2295.1162109375, 775.091552734375, 2525.513671875, 1146.3446044921875]"
1800,0,whale,0.21221864223480225,"[2701.93408203125, 826.8583984375, 2828.576171875, 1098.8218994140625]"
1830,0,whale,0.13592682778835297,"[2840.943359375, 707.779052734375, 2998.30615234375, 1062.869140625]"
1830,0,whale,0.09128071367740631,"[2649.82861328125, 884.2841186523438, 2797.98486328125, 1165.8076171875]"
1830,0,whale,0.0841173529624939,"[2322.0400390625, 829.779541015625, 2509.76171875, 1160.787109375]"
1860,0,whale,0.2648744583129883,"[2263.973388671875, 895.5354614257812, 2493.983642578125, 1266.787841796875]"
1860,0,whale,0.19743841886520386,"[2742.51708984375, 801.22412109375, 2936.10595703125, 1216.0048828125]"
1860,0,whale,0.17983122169971466,"[2604.412353515625, 955.873046875, 2742.637451171875, 1227.189453125]"
1860,5,marine mammal,0.15870486199855804,"[2598.1103515625, 955.539794921875, 2744.60302734375, 1235.7529296875]"
1890,0,whale,0.0924958810210228,"[1595.760498046875, 2564.5126953125, 1806.7177734375, 2700.0]"
1890,0,whale,0.0919375941157341,"[2303.484375, 975.08740234375, 2507.2421875, 1321.463623046875]"
1890,0,whale,0.05759480595588684,"[2602.69921875, 1051.930908203125, 2730.169921875, 1317.689697265625]"
1920,0,whale,0.27795085310935974,"[2341.644287109375, 1034.027587890625, 2556.114990234375, 1398.558349609375]"
1920,0,whale,0.12041830271482468,"[2586.4755859375, 1121.36474609375, 2742.70947265625, 1403.290771484375]"
1920,5,marine mammal,0.06179703399538994,"[2716.626953125, 984.84326171875, 2933.55859375, 1403.859375]"
1920,0,whale,0.05743831768631935,"[2720.65087890625, 990.714111328125, 2934.00048828125, 1408.590576171875]"
1950,5,marine mammal,0.09901853650808334,"[2638.54296875, 1159.0123291015625, 2772.4833984375, 1425.0538330078125]"
1950,5,marine mammal,0.09178006649017334,"[2402.13720703125, 1101.993408203125, 2634.64599609375, 1404.4404296875]"
1950,0,whale,0.07102406769990921,"[2646.107421875, 1160.523193359375, 2772.01953125, 1410.374267578125]"
1980,5,marine mammal,0.4973902404308319,"[2735.76953125, 1102.3834228515625, 2949.30908203125, 1501.2698974609375]"
1980,5,marine mammal,0.32188764214515686,"[2398.6298828125, 1151.6080322265625, 2638.4794921875, 1450.6148681640625]"
1980,5,marine mammal,0.17108066380023956,"[2614.8720703125, 1215.2664794921875, 2760.19189453125, 1468.4132080078125]"
2070,5,marine mammal,0.1403649002313614,"[2258.060546875, 988.114990234375, 2404.31640625, 1329.11962890625]"
2070,5,marine mammal,0.1254316121339798,"[2503.9736328125, 978.276611328125, 2668.515625, 1289.969482421875]"
