frame,class_name,confidence,bbox,num_merged,merged_classes
0,whale,0.736756443977356,"[2576.37744140625, 1350.0626220703125, 2979.405029296875, 1710.7467041015625]",2,"{'whale': 0.736756443977356, 'marine mammal': 0.16619566082954407}"
0,marine mammal,0.7295137643814087,"[637.6522216796875, 1173.3885498046875, 1330.7017822265625, 1817.4180908203125]",1,{'marine mammal': 0.7295137643814087}
0,marine mammal,0.4464400112628937,"[643.8162231445312, 1658.27197265625, 1164.44580078125, 2106.066650390625]",1,{'marine mammal': 0.4464400112628937}
0,marine mammal,0.058406729251146317,"[0.0, 1620.853271484375, 587.860107421875, 2061.456298828125]",1,{'marine mammal': 0.058406729251146317}
15,whale,0.5584584474563599,"[574.0142211914062, 1392.743896484375, 1107.2615966796875, 1887.072265625]",2,"{'whale': 0.5584584474563599, 'marine mammal': 0.5179523229598999}"
15,whale,0.5472812056541443,"[2586.07958984375, 1155.9713134765625, 2935.281005859375, 1490.6661376953125]",2,"{'whale': 0.5472812056541443, 'marine mammal': 0.34089046716690063}"
15,marine mammal,0.4342871904373169,"[593.325439453125, 928.727783203125, 1333.96875, 1573.2371826171875]",1,{'marine mammal': 0.4342871904373169}
30,marine mammal,0.5739086270332336,"[571.1339721679688, 537.844482421875, 1261.851318359375, 1166.715087890625]",1,{'marine mammal': 0.05484754219651222}
30,marine mammal,0.5169352889060974,"[2606.627197265625, 801.8069458007812, 3100.540283203125, 1273.899658203125]",2,"{'marine mammal': 0.5169352889060974, 'whale': 0.4374200403690338}"
30,whale,0.4097825586795807,"[578.8526000976562, 1030.1998291015625, 1204.8392333984375, 1622.4539794921875]",2,"{'whale': 0.4097825586795807, 'marine mammal': 0.38302698731422424}"
45,marine mammal,0.4671114683151245,"[2634.468994140625, 407.91064453125, 3109.8017578125, 897.703125]",2,"{'marine mammal': 0.4671114683151245, 'whale': 0.20634154975414276}"
45,marine mammal,0.36700260639190674,"[557.4737548828125, 115.020263671875, 1247.13427734375, 725.0068969726562]",1,{'marine mammal': 0.10451631993055344}
45,marine mammal,0.23158927261829376,"[555.9636840820312, 575.773681640625, 1279.26318359375, 1274.8472900390625]",1,{'marine mammal': 0.23158927261829376}
60,marine mammal,0.6378828287124634,"[603.5520629882812, 258.60406494140625, 1293.5596923828125, 972.5065307617188]",1,{'marine mammal': 0.11114922165870667}
60,marine mammal,0.6290004849433899,"[2705.59228515625, 226.35562133789062, 3091.787353515625, 684.4224853515625]",2,"{'marine mammal': 0.6290004849433899, 'whale': 0.4605405032634735}"
60,whale,0.11743853241205215,"[3120.617431640625, 1993.6263427734375, 3222.7294921875, 2052.110107421875]",1,{'whale': 0.11743853241205215}
60,marine mammal,0.10648399591445923,"[800.5424194335938, 0.0, 1394.25048828125, 424.5438537597656]",1,{'marine mammal': 0.10648399591445923}
60,marine mammal,0.07983134686946869,"[0.0, 292.4310302734375, 397.8944091796875, 669.1190795898438]",1,{'marine mammal': 0.07983134686946869}
75,marine mammal,0.7068894505500793,"[601.0704956054688, 145.3328399658203, 1296.183837890625, 843.098876953125]",1,{'marine mammal': 0.7068894505500793}
75,whale,0.4838203489780426,"[2747.565673828125, 164.1415557861328, 3082.986328125, 518.26025390625]",2,"{'whale': 0.4838203489780426, 'marine mammal': 0.058427948504686356}"
75,marine mammal,0.12066367268562317,"[0.0, 187.06146240234375, 558.5235595703125, 694.2127685546875]",1,{'marine mammal': 0.12066367268562317}
90,marine mammal,0.8798522353172302,"[646.43408203125, 64.80825805664062, 1342.9515380859375, 767.3344116210938]",1,{'marine mammal': 0.8798522353172302}
90,whale,0.47503259778022766,"[2829.681884765625, 134.7213592529297, 3181.294921875, 489.8240966796875]",2,"{'whale': 0.47503259778022766, 'marine mammal': 0.47002407908439636}"
90,marine mammal,0.09875433892011642,"[48.16680908203125, 143.90740966796875, 609.3499145507812, 642.9417724609375]",1,{'marine mammal': 0.09875433892011642}
105,marine mammal,0.8360216617584229,"[714.076171875, 24.775634765625, 1391.3642578125, 727.3809814453125]",1,{'marine mammal': 0.8360216617584229}
105,whale,0.31784915924072266,"[2934.189697265625, 132.4698486328125, 3278.243408203125, 500.42431640625]",1,{'whale': 0.31784915924072266}
105,marine mammal,0.15518420934677124,"[112.81471252441406, 122.30740356445312, 646.2300415039062, 610.5927124023438]",1,{'marine mammal': 0.15518420934677124}
120,whale,0.7163486480712891,"[3027.151611328125, 209.81314086914062, 3360.208740234375, 564.4520874023438]",1,{'whale': 0.7163486480712891}
120,marine mammal,0.4725115895271301,"[747.6769409179688, 38.132171630859375, 1610.1683349609375, 748.8358154296875]",1,{'marine mammal': 0.1364382952451706}
120,marine mammal,0.3572157621383667,"[0.2296142578125, 511.97900390625, 561.2483520507812, 1137.823974609375]",1,{'marine mammal': 0.3572157621383667}
120,marine mammal,0.33027184009552,"[170.48414611816406, 148.12005615234375, 690.1196899414062, 616.5350341796875]",1,{'marine mammal': 0.33027184009552}
135,marine mammal,0.39301732182502747,"[767.3060302734375, 146.17922973632812, 1434.5555419921875, 853.1248779296875]",1,{'marine mammal': 0.09820053726434708}
135,whale,0.34877052903175354,"[3072.884033203125, 355.6581115722656, 3425.504150390625, 723.2195434570312]",1,{'whale': 0.34877052903175354}
135,marine mammal,0.14431552588939667,"[0.0, 657.7556762695312, 472.748046875, 1159.5316162109375]",1,{'marine mammal': 0.14431552588939667}
135,marine mammal,0.1298695206642151,"[194.036865234375, 260.6707763671875, 769.73291015625, 797.241943359375]",1,{'marine mammal': 0.1298695206642151}
150,marine mammal,0.8631414175033569,"[3108.749267578125, 534.9049072265625, 3466.245849609375, 901.701416015625]",2,"{'marine mammal': 0.8631414175033569, 'whale': 0.41188573837280273}"
150,marine mammal,0.13298259675502777,"[0.0, 802.0768432617188, 597.7178955078125, 1453.5501708984375]",1,{'marine mammal': 0.13298259675502777}
150,marine mammal,0.13118812441825867,"[760.1597900390625, 278.0040588378906, 1479.6639404296875, 993.4801025390625]",1,{'marine mammal': 0.13118812441825867}
150,marine mammal,0.12206728011369705,"[194.3001708984375, 398.52734375, 874.1195068359375, 1055.1658935546875]",1,{'marine mammal': 0.12206728011369705}
150,marine mammal,0.055018920451402664,"[932.8350219726562, 0.0, 1399.2576904296875, 408.60186767578125]",1,{'marine mammal': 0.055018920451402664}
165,marine mammal,0.2379905730485916,"[0.0, 938.5299682617188, 590.8008422851562, 1615.4154052734375]",1,{'marine mammal': 0.2379905730485916}
165,marine mammal,0.234133780002594,"[189.89895629882812, 551.527587890625, 871.58642578125, 1216.0989990234375]",1,{'marine mammal': 0.234133780002594}
165,marine mammal,0.17937932908535004,"[3139.7607421875, 719.9658203125, 3503.6103515625, 1099.8258056640625]",2,"{'marine mammal': 0.17937932908535004, 'whale': 0.15358451008796692}"
180,marine mammal,0.8890260457992554,"[3162.104736328125, 806.2214965820312, 3510.122314453125, 1195.3414306640625]",2,"{'marine mammal': 0.8890260457992554, 'whale': 0.5558016300201416}"
180,marine mammal,0.225546196103096,"[0.0, 969.112060546875, 563.5487670898438, 1686.722900390625]",1,{'marine mammal': 0.225546196103096}
180,marine mammal,0.2071710228919983,"[170.83950805664062, 625.0888061523438, 843.7124633789062, 1245.065185546875]",2,"{'marine mammal': 0.2071710228919983, 'whale': 0.07424087077379227}"
180,marine mammal,0.06086718291044235,"[670.3190307617188, 5.39776611328125, 1401.6551513671875, 602.82861328125]",1,{'marine mammal': 0.06086718291044235}
195,whale,0.5669670701026917,"[3150.79248046875, 858.4786376953125, 3446.492431640625, 1158.890625]",1,{'whale': 0.5669670701026917}
195,marine mammal,0.502173900604248,"[0.0, 978.6038818359375, 559.6026000976562, 1698.26513671875]",1,{'marine mammal': 0.502173900604248}
195,marine mammal,0.36814701557159424,"[128.259765625, 606.481201171875, 758.1471557617188, 1232.5931396484375]",1,{'marine mammal': 0.36814701557159424}
210,marine mammal,0.7381232380867004,"[3144.701904296875, 846.4806518554688, 3501.502685546875, 1212.8592529296875]",3,"{'marine mammal': 0.7381232380867004, 'whale': 0.48142001032829285, 'dorsal fin': 0.10344193875789642}"
210,marine mammal,0.18077923357486725,"[20.95843505859375, 534.9429321289062, 682.4750366210938, 1143.369140625]",2,"{'marine mammal': 0.18077923357486725, 'whale': 0.1276916116476059}"
210,marine mammal,0.12577137351036072,"[0.0, 918.7432250976562, 387.56243896484375, 1567.8564453125]",1,{'marine mammal': 0.0758926197886467}
210,dorsal fin,0.11198379844427109,"[3215.916015625, 857.41259765625, 3382.270263671875, 1013.11669921875]",1,{'dorsal fin': 0.11198379844427109}
210,marine mammal,0.055445898324251175,"[791.0542602539062, 110.8714370727539, 1251.0869140625, 532.9381713867188]",1,{'marine mammal': 0.055445898324251175}
225,marine mammal,0.7742738127708435,"[3213.6884765625, 832.7550659179688, 3491.66455078125, 1187.6990966796875]",2,"{'marine mammal': 0.7742738127708435, 'whale': 0.17265301942825317}"
225,marine mammal,0.37552303075790405,"[0.0, 927.107666015625, 301.4435729980469, 1486.165283203125]",1,{'marine mammal': 0.37552303075790405}
225,whale,0.13985785841941833,"[40.90447998046875, 503.10968017578125, 616.1414794921875, 1084.1553955078125]",1,{'whale': 0.13985785841941833}
225,dorsal fin,0.05608418956398964,"[3219.85498046875, 836.1075439453125, 3390.10205078125, 1028.6888427734375]",1,{'dorsal fin': 0.05608418956398964}
240,marine mammal,0.5381892919540405,"[3171.694580078125, 839.2279052734375, 3494.776123046875, 1196.2421875]",2,"{'marine mammal': 0.5381892919540405, 'whale': 0.07846614718437195}"
240,whale,0.29978418350219727,"[3222.291015625, 858.471923828125, 3417.791259765625, 1119.68505859375]",1,{'whale': 0.29978418350219727}
240,marine mammal,0.19879090785980225,"[0.035980224609375, 915.7212524414062, 373.6119689941406, 1544.876708984375]",1,{'marine mammal': 0.19879090785980225}
240,whale,0.18070679903030396,"[2.630767822265625, 469.9877014160156, 684.8543701171875, 1155.9044189453125]",2,"{'whale': 0.18070679903030396, 'marine mammal': 0.15674404799938202}"
240,dorsal fin,0.11586201190948486,"[3227.054443359375, 871.5737915039062, 3372.176513671875, 1035.6856689453125]",1,{'dorsal fin': 0.11586201190948486}
255,marine mammal,0.7009041905403137,"[0.0, 402.9964599609375, 670.1240234375, 1113.99755859375]",1,{'marine mammal': 0.7009041905403137}
255,marine mammal,0.4764675796031952,"[3158.172607421875, 877.4412231445312, 3496.468017578125, 1201.539306640625]",3,"{'marine mammal': 0.4764675796031952, 'whale': 0.08532653003931046, 'dorsal fin': 0.08190108835697174}"
255,marine mammal,0.23587758839130402,"[0.0, 882.283447265625, 332.6087341308594, 1529.4576416015625]",2,"{'marine mammal': 0.23587758839130402, 'whale': 0.17998769879341125}"
270,marine mammal,0.7231405377388,"[0.0, 400.3742980957031, 618.7758178710938, 1069.7911376953125]",1,{'marine mammal': 0.7231405377388}
270,marine mammal,0.5133282542228699,"[3160.72412109375, 879.92138671875, 3437.87841796875, 1143.1446533203125]",2,"{'marine mammal': 0.5133282542228699, 'whale': 0.24557338654994965}"
270,marine mammal,0.33883899450302124,"[0.032684326171875, 1084.923095703125, 343.8392639160156, 1553.8594970703125]",2,"{'marine mammal': 0.20416131615638733, 'whale': 0.28743505477905273}"
270,marine mammal,0.08380317687988281,"[670.818359375, 448.0364685058594, 1140.8955078125, 923.7130737304688]",1,{'marine mammal': 0.08380317687988281}
285,marine mammal,0.8082281947135925,"[0.0, 363.4250793457031, 569.4520263671875, 1026.4547119140625]",1,{'marine mammal': 0.05461973324418068}
285,marine mammal,0.5226154923439026,"[3171.413818359375, 888.8087768554688, 3486.870849609375, 1203.956298828125]",2,"{'marine mammal': 0.5226154923439026, 'whale': 0.05930669233202934}"
285,marine mammal,0.3996180593967438,"[0.0, 839.934814453125, 337.452392578125, 1560.15234375]",1,{'marine mammal': 0.08265890181064606}
285,dorsal fin,0.06765350699424744,"[399.9762268066406, 863.2396240234375, 570.7716674804688, 1027.952880859375]",1,{'dorsal fin': 0.06765350699424744}
285,whale,0.05924537032842636,"[1454.65283203125, 1327.7545166015625, 1698.517822265625, 1564.106689453125]",1,{'whale': 0.05924537032842636}
285,marine mammal,0.05007772520184517,"[403.3058166503906, 176.96401977539062, 1085.0, 880.1098022460938]",1,{'marine mammal': 0.05007772520184517}
300,marine mammal,0.5872445106506348,"[3173.3291015625, 888.9380493164062, 3436.9306640625, 1129.455810546875]",2,"{'marine mammal': 0.16012439131736755, 'whale': 0.1883074939250946}"
300,marine mammal,0.11567068099975586,"[0.0, 955.598876953125, 278.26129150390625, 1470.144287109375]",1,{'marine mammal': 0.11567068099975586}
300,marine mammal,0.10512097179889679,"[0.0, 349.29693603515625, 520.7056884765625, 994.996826171875]",1,{'marine mammal': 0.10512097179889679}
300,dorsal fin,0.079727903008461,"[3242.996337890625, 890.8452758789062, 3418.052490234375, 1053.4281005859375]",1,{'dorsal fin': 0.079727903008461}
300,whale,0.06682945042848587,"[1468.7069091796875, 1324.40087890625, 1710.1629638671875, 1583.679931640625]",1,{'whale': 0.06682945042848587}
315,marine mammal,0.5869007110595703,"[3169.19384765625, 870.0227661132812, 3428.90478515625, 1103.5032958984375]",2,"{'marine mammal': 0.5869007110595703, 'whale': 0.2395395189523697}"
315,marine mammal,0.21919499337673187,"[0.0, 352.9997863769531, 500.13665771484375, 953.7221069335938]",1,{'marine mammal': 0.21919499337673187}
315,dorsal fin,0.09280943125486374,"[3249.309326171875, 887.7006225585938, 3393.991943359375, 1023.2924194335938]",1,{'dorsal fin': 0.09280943125486374}
330,marine mammal,0.5755428075790405,"[3175.98193359375, 850.8565063476562, 3435.64013671875, 1125.3970947265625]",2,"{'marine mammal': 0.5755428075790405, 'whale': 0.32655155658721924}"
345,marine mammal,0.7599023580551147,"[3279.322998046875, 952.2910766601562, 3530.4814453125, 1204.0416259765625]",2,"{'marine mammal': 0.7599023580551147, 'whale': 0.11132127791643143}"
345,marine mammal,0.2884667217731476,"[34.26287841796875, 431.7919921875, 552.6729736328125, 911.285888671875]",1,{'marine mammal': 0.2884667217731476}
345,whale,0.09495927393436432,"[1807.5311279296875, 1035.9473876953125, 2089.166259765625, 1308.0208740234375]",1,{'whale': 0.09495927393436432}
345,marine mammal,0.06641362607479095,"[0.0, 543.4697265625, 269.43011474609375, 1403.94873046875]",1,{'marine mammal': 0.06641362607479095}
360,marine mammal,0.6436117887496948,"[3464.99560546875, 1262.7608642578125, 3704.88720703125, 1507.86328125]",2,"{'marine mammal': 0.6436117887496948, 'whale': 0.3935147523880005}"
360,whale,0.13455165922641754,"[1969.1788330078125, 1210.9632568359375, 2286.5224609375, 1518.8016357421875]",1,{'whale': 0.13455165922641754}
375,whale,0.27758100628852844,"[3678.375, 1800.74462890625, 3836.4814453125, 1997.8660888671875]",2,"{'whale': 0.07973399013280869, 'marine mammal': 0.13858288526535034}"
375,marine mammal,0.2369968593120575,"[0.1798553466796875, 527.4655151367188, 608.3043823242188, 1471.2103271484375]",1,{'marine mammal': 0.2369968593120575}
375,marine mammal,0.14289544522762299,"[90.88069152832031, 868.5419311523438, 567.1622314453125, 1467.08984375]",1,{'marine mammal': 0.14289544522762299}
375,marine mammal,0.0500863716006279,"[322.58404541015625, 315.35247802734375, 1007.3516235351562, 1071.5321044921875]",1,{'marine mammal': 0.0500863716006279}
405,marine mammal,0.08675069361925125,"[416.31683349609375, 1011.8765258789062, 773.4622192382812, 1686.234130859375]",1,{'marine mammal': 0.07828617841005325}
420,marine mammal,0.08138369023799896,"[470.43695068359375, 1064.972900390625, 829.9368896484375, 1730.14599609375]",1,{'marine mammal': 0.08138369023799896}
420,marine mammal,0.07232489436864853,"[311.206787109375, 1062.945556640625, 1025.6165771484375, 1937.81396484375]",1,{'marine mammal': 0.07232489436864853}
420,whale,0.05914038047194481,"[433.5196838378906, 772.4752807617188, 810.8192749023438, 1164.0777587890625]",1,{'whale': 0.05914038047194481}
450,whale,0.1904056966304779,"[408.5411682128906, 809.8743896484375, 775.6378784179688, 1171.077392578125]",1,{'whale': 0.1904056966304779}
465,marine mammal,0.26191824674606323,"[918.3275756835938, 662.2047729492188, 1250.2926025390625, 1455.4805908203125]",1,{'marine mammal': 0.26191824674606323}
465,marine mammal,0.16295859217643738,"[1409.5928955078125, 668.2379150390625, 1715.193359375, 1420.7835693359375]",2,"{'marine mammal': 0.16295859217643738, 'whale': 0.06851916760206223}"
465,marine mammal,0.10209356248378754,"[444.78387451171875, 1063.5560302734375, 849.185302734375, 1555.6571044921875]",1,{'marine mammal': 0.10209356248378754}
465,marine mammal,0.07032504677772522,"[1726.5113525390625, 673.2811889648438, 2223.43017578125, 1272.76171875]",1,{'marine mammal': 0.07032504677772522}
480,whale,0.20981352031230927,"[407.0516052246094, 752.7782592773438, 766.95068359375, 1105.1221923828125]",1,{'whale': 0.20981352031230927}
480,marine mammal,0.084311343729496,"[1439.84619140625, 633.5043334960938, 1761.971923828125, 1431.917724609375]",1,{'marine mammal': 0.084311343729496}
495,marine mammal,0.5940718650817871,"[1449.2025146484375, 632.8624877929688, 1773.082763671875, 1210.830322265625]",2,"{'marine mammal': 0.5940718650817871, 'whale': 0.10610123723745346}"
495,marine mammal,0.3015415668487549,"[954.3270263671875, 647.051025390625, 1186.4989013671875, 1352.818603515625]",2,"{'marine mammal': 0.05612936243414879, 'whale': 0.11275827884674072}"
495,whale,0.23959790170192719,"[430.5428466796875, 765.2638549804688, 786.0569458007812, 1129.474365234375]",1,{'whale': 0.23959790170192719}
495,marine mammal,0.09811003506183624,"[521.0593872070312, 1067.7762451171875, 908.9932861328125, 1512.0733642578125]",1,{'marine mammal': 0.09811003506183624}
495,marine mammal,0.07612479478120804,"[430.0317077636719, 764.6665649414062, 854.3357543945312, 1438.007568359375]",1,{'marine mammal': 0.07612479478120804}
510,whale,0.07820457220077515,"[468.59490966796875, 784.8883666992188, 810.8472290039062, 1127.862060546875]",1,{'whale': 0.07820457220077515}
525,marine mammal,0.1826849728822708,"[584.0387573242188, 1161.3900146484375, 1030.7376708984375, 1674.8323974609375]",1,{'marine mammal': 0.1826849728822708}
525,whale,0.1821954995393753,"[1576.6182861328125, 684.4625244140625, 1741.9771728515625, 1214.4576416015625]",1,{'whale': 0.1821954995393753}
525,whale,0.054275188595056534,"[482.2103576660156, 823.8340454101562, 814.0628051757812, 1198.4793701171875]",1,{'whale': 0.054275188595056534}
525,marine mammal,0.054074693471193314,"[972.6582641601562, 727.8938598632812, 1335.3458251953125, 1533.9306640625]",1,{'marine mammal': 0.054074693471193314}
540,marine mammal,0.11102905124425888,"[1496.4833984375, 721.196044921875, 1929.392333984375, 1562.2218017578125]",1,{'marine mammal': 0.11102905124425888}
555,marine mammal,0.21702085435390472,"[1525.330322265625, 781.0994262695312, 1808.0723876953125, 1340.400390625]",2,"{'marine mammal': 0.1555463820695877, 'whale': 0.06475882232189178}"
555,marine mammal,0.10780731588602066,"[990.9656982421875, 838.7237548828125, 1356.44091796875, 1648.348388671875]",1,{'marine mammal': 0.10780731588602066}
555,marine mammal,0.05444275215268135,"[508.2129211425781, 932.9710693359375, 1043.070556640625, 1754.876220703125]",1,{'marine mammal': 0.05444275215268135}
570,marine mammal,0.6572063565254211,"[1541.5286865234375, 821.7365112304688, 1824.5877685546875, 1393.630126953125]",2,"{'marine mammal': 0.5281824469566345, 'whale': 0.0922333225607872}"
570,marine mammal,0.42656955122947693,"[996.8653564453125, 880.6611328125, 1366.9482421875, 1694.548095703125]",1,{'marine mammal': 0.13946916162967682}
570,whale,0.23086947202682495,"[516.9593505859375, 972.677490234375, 861.2489013671875, 1339.907958984375]",1,{'whale': 0.23086947202682495}
585,marine mammal,0.24213001132011414,"[988.29931640625, 918.362548828125, 1363.465576171875, 1692.8785400390625]",1,{'marine mammal': 0.24213001132011414}
585,marine mammal,0.24195891618728638,"[1542.802001953125, 839.171630859375, 1821.55078125, 1540.6422119140625]",1,{'marine mammal': 0.24195891618728638}
585,whale,0.23250852525234222,"[1610.217041015625, 840.8082275390625, 1744.695556640625, 1007.319580078125]",1,{'whale': 0.23250852525234222}
585,marine mammal,0.23054397106170654,"[614.8790893554688, 1373.0264892578125, 1114.4073486328125, 1920.56103515625]",1,{'marine mammal': 0.23054397106170654}
585,marine mammal,0.10857537388801575,"[1657.4725341796875, 1212.23779296875, 1808.6656494140625, 1594.2012939453125]",2,"{'marine mammal': 0.10857537388801575, 'whale': 0.05113152787089348}"
585,marine mammal,0.08868253976106644,"[1072.70654296875, 1228.118408203125, 1366.4835205078125, 1731.8818359375]",1,{'marine mammal': 0.08868253976106644}
585,marine mammal,0.07682967931032181,"[496.0121154785156, 1009.213623046875, 1113.982177734375, 1935.2149658203125]",1,{'marine mammal': 0.07682967931032181}
600,marine mammal,0.6556060314178467,"[1544.596923828125, 843.2076416015625, 1844.9063720703125, 1633.5062255859375]",1,{'marine mammal': 0.6556060314178467}
600,marine mammal,0.34457868337631226,"[997.4219970703125, 947.4153442382812, 1372.282470703125, 1763.418212890625]",1,{'marine mammal': 0.12264455854892731}
600,marine mammal,0.053081318736076355,"[517.5199584960938, 1030.6973876953125, 884.9851684570312, 1881.046142578125]",1,{'marine mammal': 0.053081318736076355}
615,marine mammal,0.7559759616851807,"[1525.4937744140625, 819.6943359375, 1881.77490234375, 1646.80224609375]",1,{'marine mammal': 0.7559759616851807}
615,marine mammal,0.4498133957386017,"[982.3817138671875, 954.0763549804688, 1369.0760498046875, 1779.739501953125]",1,{'marine mammal': 0.4498133957386017}
615,marine mammal,0.24401837587356567,"[496.6216735839844, 1049.89111328125, 1027.873046875, 1903.2396240234375]",1,{'marine mammal': 0.24401837587356567}
630,marine mammal,0.7315396070480347,"[1496.47265625, 758.7702026367188, 1915.042236328125, 1607.5880126953125]",1,{'marine mammal': 0.7315396070480347}
630,marine mammal,0.15616974234580994,"[955.9685668945312, 951.4044799804688, 1260.398193359375, 1645.74169921875]",1,{'marine mammal': 0.15616974234580994}
630,marine mammal,0.08360042423009872,"[497.7997741699219, 1074.9873046875, 847.7711791992188, 1712.3397216796875]",1,{'marine mammal': 0.06179991737008095}
630,marine mammal,0.06566818058490753,"[497.6545715332031, 1075.1224365234375, 1035.6126708984375, 1979.7601318359375]",1,{'marine mammal': 0.06566818058490753}
645,marine mammal,0.6904447078704834,"[1464.0008544921875, 662.0095825195312, 1954.8231201171875, 1533.138427734375]",1,{'marine mammal': 0.6904447078704834}
645,marine mammal,0.11753573268651962,"[920.3682861328125, 911.502685546875, 1384.16162109375, 1673.764892578125]",1,{'marine mammal': 0.11753573268651962}
645,marine mammal,0.1015528067946434,"[492.38726806640625, 1058.481689453125, 899.3291015625, 1943.8472900390625]",1,{'marine mammal': 0.1015528067946434}
660,marine mammal,0.2812895178794861,"[1434.1029052734375, 533.5294189453125, 1974.5262451171875, 1372.123291015625]",1,{'marine mammal': 0.2812895178794861}
660,marine mammal,0.1492300033569336,"[453.4166564941406, 969.65771484375, 880.087890625, 1719.7335205078125]",1,{'marine mammal': 0.1492300033569336}
660,marine mammal,0.11703387647867203,"[875.3590087890625, 804.94482421875, 1250.1033935546875, 1459.71533203125]",1,{'marine mammal': 0.11703387647867203}
675,marine mammal,0.29384636878967285,"[1377.911376953125, 166.45687866210938, 1988.9139404296875, 1202.2149658203125]",1,{'marine mammal': 0.29384636878967285}
690,marine mammal,0.8686005473136902,"[1313.71484375, 1.474273681640625, 1974.6007080078125, 1016.2945556640625]",1,{'marine mammal': 0.13076628744602203}
690,marine mammal,0.07419857382774353,"[387.54766845703125, 724.6527099609375, 838.5012817382812, 1445.655029296875]",1,{'marine mammal': 0.07419857382774353}
690,marine mammal,0.05125126615166664,"[780.1494140625, 534.829833984375, 1331.377197265625, 1278.292724609375]",1,{'marine mammal': 0.05125126615166664}
705,marine mammal,0.5676702857017517,"[1226.60009765625, 35.731109619140625, 1815.533935546875, 859.7146606445312]",1,{'marine mammal': 0.5676702857017517}
705,marine mammal,0.05058983340859413,"[702.8058471679688, 36.17413330078125, 1867.5054931640625, 1069.9503173828125]",1,{'marine mammal': 0.05058983340859413}
720,marine mammal,0.8849164247512817,"[1189.836181640625, 1.896697998046875, 1786.2550048828125, 749.1715087890625]",1,{'marine mammal': 0.10814663022756577}
720,marine mammal,0.21262389421463013,"[259.0954284667969, 448.9078063964844, 723.9240112304688, 1176.6256103515625]",1,{'marine mammal': 0.21262389421463013}
720,marine mammal,0.17056654393672943,"[646.3560180664062, 275.4597473144531, 1078.6812744140625, 875.8948974609375]",1,{'marine mammal': 0.17056654393672943}
735,marine mammal,0.7336928248405457,"[1171.6109619140625, 0.0, 1942.196044921875, 712.9588623046875]",1,{'marine mammal': 0.7336928248405457}
735,marine mammal,0.16652128100395203,"[251.18336486816406, 417.92669677734375, 705.4568481445312, 1144.2763671875]",1,{'marine mammal': 0.16652128100395203}
735,marine mammal,0.08217712491750717,"[638.1290893554688, 238.14877319335938, 1035.286376953125, 796.4981689453125]",1,{'marine mammal': 0.08217712491750717}
750,marine mammal,0.9341778755187988,"[1310.3482666015625, 121.10568237304688, 1733.22265625, 683.8743896484375]",1,{'marine mammal': 0.23669245839118958}
750,marine mammal,0.19478389620780945,"[642.6204223632812, 202.72512817382812, 1026.052978515625, 766.23779296875]",1,{'marine mammal': 0.19478389620780945}
750,marine mammal,0.14543746411800385,"[240.25318908691406, 398.634521484375, 672.5577392578125, 1048.691162109375]",1,{'marine mammal': 0.14543746411800385}
750,dorsal fin,0.0769989863038063,"[1511.263671875, 508.7732849121094, 1707.79296875, 686.09130859375]",2,"{'dorsal fin': 0.0769989863038063, 'whale': 0.0624534972012043}"
765,marine mammal,0.4982438087463379,"[1278.827392578125, 150.49099731445312, 1685.7928466796875, 679.5056762695312]",1,{'marine mammal': 0.48660144209861755}
765,marine mammal,0.19483879208564758,"[240.35870361328125, 422.09637451171875, 802.2557983398438, 1211.7847900390625]",1,{'marine mammal': 0.15698495507240295}
765,marine mammal,0.18310554325580597,"[627.7863159179688, 240.89300537109375, 1058.587890625, 859.4190673828125]",1,{'marine mammal': 0.18310554325580597}
765,marine mammal,0.08032125234603882,"[1260.716064453125, 359.4736633300781, 1428.8291015625, 633.65576171875]",1,{'marine mammal': 0.08032125234603882}
780,marine mammal,0.17110784351825714,"[1016.6495361328125, 0.0, 1889.9444580078125, 687.4210205078125]",1,{'marine mammal': 0.15316654741764069}
780,marine mammal,0.06405065208673477,"[234.03988647460938, 529.5862426757812, 810.1349487304688, 1271.0604248046875]",1,{'marine mammal': 0.06405065208673477}
780,marine mammal,0.059467896819114685,"[585.0213623046875, 327.9601135253906, 991.9187622070312, 838.7899169921875]",1,{'marine mammal': 0.059467896819114685}
795,marine mammal,0.6362855434417725,"[971.086669921875, 40.809173583984375, 1646.8843994140625, 706.060546875]",1,{'marine mammal': 0.6362855434417725}
795,marine mammal,0.18294283747673035,"[1173.1612548828125, 250.95538330078125, 1644.9720458984375, 707.1689453125]",1,{'marine mammal': 0.18294283747673035}
795,marine mammal,0.08376766741275787,"[573.1148071289062, 416.1910400390625, 982.0680541992188, 876.711181640625]",1,{'marine mammal': 0.08376766741275787}
795,marine mammal,0.07356447726488113,"[260.1782531738281, 637.8270874023438, 693.8682861328125, 1154.255859375]",1,{'marine mammal': 0.07356447726488113}
810,marine mammal,0.12011973559856415,"[851.8229370117188, 223.36392211914062, 1584.897216796875, 780.11865234375]",1,{'marine mammal': 0.06044356897473335}
810,whale,0.07149861007928848,"[243.25575256347656, 856.450439453125, 717.4683837890625, 1298.430419921875]",1,{'whale': 0.07149861007928848}
825,marine mammal,0.08040185272693634,"[739.803955078125, 410.87127685546875, 1392.4036865234375, 866.4054565429688]",1,{'marine mammal': 0.08040185272693634}
855,whale,0.10888293385505676,"[652.7177124023438, 465.8028259277344, 1094.7301025390625, 708.4282836914062]",1,{'whale': 0.10888293385505676}
855,marine mammal,0.10691358149051666,"[657.6405029296875, 696.418212890625, 1334.941162109375, 1019.4805297851562]",1,{'marine mammal': 0.10691358149051666}
870,marine mammal,0.26005256175994873,"[661.2874145507812, 707.0769653320312, 1313.12890625, 1023.3297729492188]",1,{'marine mammal': 0.26005256175994873}
870,whale,0.22975875437259674,"[654.3834228515625, 481.6352233886719, 1154.2752685546875, 745.6734619140625]",1,{'whale': 0.22975875437259674}
870,marine mammal,0.09757096320390701,"[392.888671875, 1410.3382568359375, 973.5474243164062, 1681.39892578125]",1,{'marine mammal': 0.09757096320390701}
885,whale,0.12114250659942627,"[613.2853393554688, 467.45452880859375, 1140.977783203125, 778.46630859375]",2,"{'whale': 0.12114250659942627, 'marine mammal': 0.08105362206697464}"
885,marine mammal,0.05436636134982109,"[627.4720458984375, 719.4170532226562, 1241.501220703125, 1013.8358154296875]",1,{'marine mammal': 0.05436636134982109}
900,marine mammal,0.14932096004486084,"[277.12774658203125, 1322.75146484375, 879.05517578125, 1641.5205078125]",1,{'marine mammal': 0.14932096004486084}
900,marine mammal,0.08839632570743561,"[508.0337219238281, 433.7520446777344, 1050.623291015625, 772.507568359375]",1,{'marine mammal': 0.08839632570743561}
900,marine mammal,0.0641285628080368,"[508.7842712402344, 662.7518920898438, 1100.817138671875, 969.6161499023438]",1,{'marine mammal': 0.0641285628080368}
915,marine mammal,0.08553206920623779,"[486.26788330078125, 683.7730712890625, 1055.1702880859375, 942.0335083007812]",1,{'marine mammal': 0.08553206920623779}
915,whale,0.06302746385335922,"[259.63623046875, 1297.6519775390625, 744.8543701171875, 1546.7596435546875]",1,{'whale': 0.06302746385335922}
915,marine mammal,0.053863734006881714,"[482.3328552246094, 484.08489990234375, 1230.4559326171875, 943.3624877929688]",1,{'marine mammal': 0.053863734006881714}
945,marine mammal,0.14170923829078674,"[501.1607666015625, 461.98626708984375, 1018.8167724609375, 775.32861328125]",1,{'marine mammal': 0.14170923829078674}
945,whale,0.08242450654506683,"[407.21484375, 1049.6275634765625, 799.680908203125, 1230.5458984375]",1,{'whale': 0.08242450654506683}
945,whale,0.06377071142196655,"[290.6522521972656, 1281.4346923828125, 731.8427124023438, 1505.3013916015625]",1,{'whale': 0.06377071142196655}
